,Movies,Horror,Thriller,Comedy,Romantic,Sci-fi,War,Fantasy/Fairy tales,Animated,Documentary,Western,Action,Age,Height,Weight,Number of siblings,Gender_female,Gender_male,Left - right handed_left handed,Left - right handed_right handed,Education_college/bachelor degree,Education_currently a primary school pupil,Education_doctorate degree,Education_masters degree,Education_primary school,Education_secondary school,Only child_no,Only child_yes,Village - town_city,Village - town_village,House - block of flats_block of flats,House - block of flats_house/bungalow
0,5.0,4.0,2.0,5.0,4.0,4.0,1.0,5.0,5.0,3.0,1.0,2.0,20.0,163.0,48.0,1.0,1,0,0,1,1,0,0,0,0,0,1,0,0,1,1,0
1,5.0,2.0,2.0,4.0,3.0,4.0,1.0,3.0,5.0,4.0,1.0,4.0,19.0,163.0,58.0,2.0,1,0,0,1,1,0,0,0,0,0,1,0,1,0,1,0
2,5.0,3.0,4.0,4.0,2.0,4.0,2.0,5.0,5.0,2.0,2.0,1.0,20.0,176.0,67.0,2.0,1,0,0,1,0,0,0,0,0,1,1,0,1,0,1,0
4,5.0,4.0,4.0,5.0,2.0,3.0,3.0,4.0,4.0,3.0,1.0,4.0,20.0,170.0,59.0,1.0,1,0,0,1,0,0,0,0,0,1,1,0,0,1,0,1
5,5.0,5.0,5.0,5.0,2.0,3.0,3.0,4.0,3.0,3.0,2.0,4.0,20.0,186.0,77.0,1.0,0,1,0,1,0,0,0,0,0,1,1,0,1,0,1,0
6,4.0,2.0,1.0,5.0,3.0,1.0,3.0,5.0,5.0,3.0,1.0,2.0,20.0,177.0,50.0,1.0,1,0,0,1,0,0,0,0,0,1,1,0,0,1,0,1
7,5.0,4.0,4.0,5.0,2.0,3.0,3.0,4.0,4.0,3.0,1.0,3.0,19.0,184.0,90.0,1.0,0,1,0,1,1,0,0,0,0,0,1,0,1,0,0,1
9,5.0,2.0,1.0,5.0,5.0,1.0,3.0,4.0,4.0,4.0,1.0,2.0,19.0,174.0,60.0,3.0,1,0,0,1,0,0,0,0,0,1,1,0,1,0,1,0
10,5.0,5.0,4.0,5.0,3.0,3.0,2.0,5.0,5.0,3.0,1.0,3.0,19.0,175.0,60.0,2.0,1,0,1,0,0,0,0,0,0,1,1,0,1,0,1,0
11,5.0,3.0,4.0,4.0,3.0,2.0,5.0,5.0,5.0,5.0,1.0,4.0,17.0,176.0,60.0,1.0,1,0,0,1,0,0,0,0,1,0,1,0,1,0,1,0
12,5.0,1.0,5.0,4.0,3.0,1.0,4.0,5.0,3.0,3.0,1.0,1.0,24.0,168.0,55.0,10.0,1,0,0,1,1,0,0,0,0,0,1,0,1,0,1,0
13,5.0,3.0,2.0,5.0,5.0,2.0,1.0,5.0,4.0,2.0,1.0,3.0,19.0,165.0,55.0,1.0,1,0,0,1,0,0,0,0,0,1,1,0,1,0,1,0
14,4.0,1.0,3.0,5.0,4.0,1.0,1.0,5.0,5.0,3.0,1.0,4.0,22.0,175.0,57.0,1.0,1,0,0,1,1,0,0,0,0,0,1,0,1,0,1,0
16,5.0,3.0,3.0,5.0,3.0,2.0,2.0,2.0,2.0,4.0,1.0,2.0,19.0,175.0,65.0,2.0,1,0,0,1,1,0,0,0,0,0,1,0,1,0,1,0
18,5.0,2.0,4.0,5.0,4.0,5.0,5.0,4.0,4.0,5.0,5.0,5.0,18.0,181.0,78.0,2.0,0,1,0,1,0,0,0,0,0,1,1,0,1,0,0,1
19,3.0,1.0,4.0,4.0,2.0,3.0,5.0,4.0,4.0,5.0,2.0,5.0,18.0,188.0,90.0,1.0,0,1,1,0,0,0,0,0,0,1,1,0,1,0,0,1
20,5.0,5.0,5.0,5.0,3.0,3.0,4.0,3.0,3.0,3.0,2.0,4.0,20.0,186.0,77.0,1.0,0,1,0,1,0,0,0,0,0,1,1,0,1,0,1,0
21,5.0,5.0,5.0,5.0,2.0,5.0,3.0,3.0,4.0,5.0,2.0,5.0,24.0,186.0,85.0,1.0,0,1,1,0,0,0,0,0,0,1,1,0,1,0,1,0
23,5.0,2.0,4.0,5.0,5.0,4.0,3.0,5.0,5.0,3.0,2.0,2.0,20.0,168.0,54.0,3.0,1,0,0,1,0,0,0,0,0,1,1,0,1,0,1,0
24,5.0,4.0,2.0,5.0,5.0,2.0,2.0,2.0,2.0,3.0,1.0,4.0,19.0,167.0,51.0,1.0,1,0,0,1,0,0,0,0,0,1,1,0,1,0,1,0
25,5.0,1.0,2.0,5.0,5.0,1.0,1.0,4.0,3.0,3.0,1.0,1.0,20.0,170.0,56.0,1.0,1,0,0,1,0,0,0,0,0,1,0,1,1,0,1,0
26,5.0,3.0,2.0,5.0,4.0,2.0,5.0,5.0,5.0,5.0,2.0,1.0,22.0,165.0,63.0,1.0,1,0,1,0,1,0,0,0,0,0,1,0,1,0,0,1
28,5.0,3.0,3.0,5.0,3.0,1.0,5.0,4.0,4.0,3.0,4.0,4.0,20.0,187.0,80.0,2.0,0,1,1,0,0,0,0,0,0,1,0,1,0,1,0,1
29,5.0,3.0,2.0,5.0,5.0,2.0,4.0,5.0,5.0,4.0,2.0,2.0,19.0,168.0,60.0,2.0,1,0,0,1,0,0,0,0,0,1,1,0,0,1,1,0
30,5.0,2.0,5.0,4.0,3.0,4.0,4.0,3.0,3.0,4.0,3.0,5.0,25.0,183.0,87.0,1.0,0,1,0,1,0,0,0,0,0,1,1,0,1,0,1,0
31,4.0,1.0,1.0,5.0,5.0,2.0,2.0,5.0,5.0,4.0,1.0,1.0,22.0,177.0,80.0,1.0,1,0,0,1,0,0,0,0,0,1,1,0,1,0,1,0
32,5.0,5.0,5.0,5.0,5.0,2.0,3.0,5.0,5.0,3.0,2.0,4.0,20.0,158.0,46.0,4.0,1,0,1,0,0,0,0,0,0,1,1,0,1,0,1,0
33,4.0,3.0,4.0,4.0,3.0,1.0,3.0,5.0,4.0,5.0,2.0,3.0,27.0,170.0,70.0,1.0,1,0,0,1,0,0,0,1,0,0,1,0,1,0,1,0
34,5.0,2.0,3.0,5.0,4.0,4.0,2.0,2.0,5.0,3.0,1.0,5.0,20.0,177.0,67.0,5.0,0,1,0,1,1,0,0,0,0,0,1,0,1,0,1,0
35,5.0,1.0,2.0,5.0,5.0,3.0,4.0,1.0,1.0,1.0,1.0,5.0,19.0,170.0,72.0,1.0,1,0,0,1,0,0,0,0,0,1,1,0,0,1,0,1
36,5.0,3.0,5.0,4.0,4.0,4.0,4.0,5.0,5.0,3.0,1.0,5.0,18.0,173.0,65.0,1.0,1,0,0,1,0,0,0,0,0,1,1,0,1,0,1,0
38,5.0,1.0,4.0,5.0,5.0,3.0,3.0,5.0,5.0,5.0,2.0,5.0,23.0,168.0,60.0,1.0,1,0,0,1,0,0,0,0,0,1,1,0,0,1,0,1
39,4.0,5.0,5.0,5.0,5.0,3.0,4.0,5.0,5.0,4.0,2.0,3.0,21.0,155.0,46.0,1.0,1,0,0,1,0,0,0,0,0,1,1,0,1,0,0,1
40,5.0,1.0,5.0,5.0,3.0,2.0,1.0,2.0,2.0,4.0,1.0,5.0,26.0,172.0,62.0,1.0,1,0,0,1,0,0,0,0,0,1,1,0,1,0,1,0
41,3.0,1.0,5.0,5.0,1.0,5.0,5.0,1.0,1.0,5.0,5.0,5.0,20.0,188.0,80.0,3.0,0,1,0,1,1,0,0,0,0,0,1,0,1,0,1,0
42,5.0,4.0,4.0,5.0,5.0,5.0,3.0,5.0,5.0,4.0,3.0,5.0,19.0,170.0,90.0,0.0,1,0,0,1,0,0,0,0,0,1,0,1,1,0,1,0
43,5.0,1.0,1.0,5.0,4.0,3.0,2.0,5.0,5.0,3.0,1.0,4.0,20.0,163.0,55.0,1.0,1,0,0,1,1,0,0,0,0,0,1,0,1,0,1,0
44,5.0,3.0,4.0,5.0,4.0,3.0,1.0,5.0,4.0,4.0,1.0,3.0,25.0,170.0,67.0,1.0,1,0,0,1,0,0,0,1,0,0,1,0,0,1,1,0
48,3.0,2.0,2.0,3.0,2.0,2.0,1.0,2.0,2.0,3.0,1.0,2.0,20.0,171.0,70.0,1.0,1,0,0,1,0,0,0,0,0,1,0,1,0,1,0,1
49,5.0,3.0,4.0,5.0,3.0,3.0,3.0,5.0,3.0,1.0,1.0,4.0,20.0,157.0,41.0,1.0,1,0,0,1,0,0,0,0,1,0,1,0,1,0,1,0
50,5.0,1.0,5.0,5.0,4.0,2.0,4.0,4.0,4.0,4.0,1.0,5.0,19.0,175.0,60.0,2.0,1,0,0,1,1,0,0,0,0,0,1,0,1,0,1,0
52,5.0,5.0,5.0,5.0,5.0,5.0,5.0,5.0,5.0,5.0,5.0,5.0,21.0,160.0,58.0,2.0,1,0,0,1,0,0,0,0,0,1,1,0,0,1,1,0
53,5.0,3.0,3.0,5.0,5.0,1.0,5.0,5.0,3.0,3.0,1.0,5.0,18.0,164.0,51.0,4.0,1,0,0,1,0,0,0,0,0,1,1,0,1,0,1,0
54,5.0,5.0,5.0,5.0,5.0,5.0,3.0,5.0,5.0,5.0,2.0,5.0,21.0,160.0,57.0,2.0,1,0,0,1,1,0,0,0,0,0,1,0,1,0,1,0
55,5.0,2.0,4.0,3.0,3.0,2.0,3.0,4.0,4.0,3.0,2.0,3.0,23.0,165.0,45.0,1.0,1,0,0,1,1,0,0,0,0,0,1,0,0,1,0,1
57,5.0,4.0,4.0,5.0,3.0,5.0,3.0,5.0,5.0,5.0,2.0,4.0,21.0,157.0,45.0,1.0,1,0,0,1,0,0,0,0,0,1,1,0,1,0,1,0
59,5.0,5.0,3.0,3.0,3.0,4.0,3.0,3.0,2.0,3.0,1.0,3.0,22.0,178.0,74.0,1.0,0,1,0,1,1,0,0,0,0,0,1,0,1,0,1,0
60,5.0,1.0,4.0,4.0,4.0,4.0,5.0,3.0,2.0,4.0,3.0,4.0,23.0,175.0,72.0,1.0,0,1,0,1,1,0,0,0,0,0,1,0,1,0,1,0
61,5.0,3.0,4.0,5.0,5.0,5.0,3.0,4.0,4.0,2.0,2.0,4.0,23.0,165.0,56.0,1.0,0,1,1,0,0,0,0,0,0,1,1,0,1,0,1,0
62,5.0,4.0,5.0,5.0,1.0,5.0,5.0,5.0,5.0,5.0,1.0,5.0,23.0,189.0,81.0,2.0,0,1,0,1,0,0,0,0,0,1,1,0,1,0,1,0
64,5.0,2.0,1.0,5.0,5.0,1.0,3.0,5.0,5.0,2.0,1.0,2.0,18.0,180.0,52.0,0.0,1,0,0,1,0,0,0,0,1,0,0,1,1,0,1,0
65,5.0,5.0,5.0,5.0,3.0,5.0,5.0,4.0,4.0,3.0,2.0,5.0,17.0,185.0,84.0,1.0,0,1,1,0,0,0,0,0,1,0,0,1,1,0,1,0
66,4.0,3.0,4.0,5.0,3.0,5.0,5.0,5.0,5.0,4.0,3.0,3.0,20.0,183.0,83.0,1.0,0,1,0,1,0,0,0,0,0,1,1,0,0,1,0,1
67,5.0,3.0,3.0,5.0,5.0,1.0,2.0,4.0,1.0,2.0,1.0,3.0,24.0,160.0,58.0,0.0,1,0,0,1,1,0,0,0,0,0,0,1,0,1,0,1
68,5.0,1.0,2.0,5.0,4.0,4.0,2.0,5.0,5.0,2.0,1.0,3.0,18.0,162.0,50.0,1.0,1,0,0,1,1,0,0,0,0,0,1,0,0,1,0,1
70,5.0,1.0,3.0,5.0,3.0,3.0,3.0,2.0,3.0,2.0,1.0,1.0,17.0,185.0,82.0,1.0,0,1,0,1,0,0,0,0,0,1,0,1,1,0,0,1
71,4.0,2.0,3.0,5.0,3.0,1.0,3.0,3.0,4.0,3.0,1.0,5.0,20.0,175.0,83.0,1.0,0,1,1,0,0,0,0,0,0,1,0,1,1,0,1,0
73,5.0,4.0,4.0,5.0,4.0,3.0,5.0,5.0,5.0,3.0,3.0,5.0,21.0,177.0,80.0,1.0,0,1,0,1,0,0,0,0,0,1,0,1,1,0,0,1
74,5.0,1.0,1.0,5.0,1.0,4.0,5.0,3.0,1.0,4.0,5.0,5.0,22.0,190.0,80.0,1.0,0,1,0,1,0,0,0,1,0,0,1,0,1,0,1,0
75,4.0,2.0,3.0,5.0,2.0,1.0,4.0,1.0,2.0,4.0,4.0,4.0,20.0,192.0,77.0,1.0,0,1,0,1,0,0,0,0,0,1,1,0,0,1,0,1
77,5.0,1.0,2.0,5.0,3.0,1.0,1.0,5.0,5.0,5.0,2.0,4.0,21.0,175.0,60.0,1.0,1,0,0,1,0,0,0,0,0,1,1,0,1,0,1,0
79,5.0,4.0,4.0,5.0,4.0,5.0,5.0,5.0,5.0,5.0,3.0,4.0,21.0,173.0,63.0,2.0,1,0,0,1,0,0,0,0,0,1,1,0,1,0,0,1
80,5.0,5.0,4.0,5.0,4.0,3.0,4.0,5.0,5.0,4.0,2.0,3.0,19.0,163.0,48.0,1.0,1,0,0,1,0,0,0,0,0,1,1,0,1,0,1,0
81,5.0,4.0,3.0,5.0,3.0,5.0,3.0,5.0,4.0,4.0,3.0,5.0,22.0,177.0,80.0,1.0,0,1,0,1,0,0,0,0,0,1,1,0,1,0,1,0
82,5.0,1.0,2.0,3.0,2.0,4.0,3.0,5.0,5.0,5.0,3.0,4.0,18.0,163.0,47.0,1.0,1,0,0,1,0,0,0,0,0,1,1,0,1,0,1,0
85,5.0,3.0,3.0,5.0,4.0,3.0,5.0,5.0,5.0,3.0,3.0,3.0,22.0,159.0,53.0,2.0,0,1,0,1,1,0,0,0,0,0,1,0,1,0,1,0
86,5.0,2.0,4.0,4.0,1.0,4.0,4.0,3.0,4.0,4.0,3.0,5.0,24.0,179.0,65.0,3.0,0,1,0,1,0,0,0,1,0,0,1,0,1,0,1,0
88,5.0,5.0,5.0,5.0,2.0,2.0,1.0,3.0,3.0,4.0,1.0,5.0,21.0,164.0,75.0,0.0,1,0,0,1,0,0,0,0,0,1,0,1,1,0,1,0
89,5.0,1.0,4.0,4.0,3.0,2.0,3.0,3.0,3.0,3.0,3.0,3.0,22.0,156.0,50.0,2.0,1,0,0,1,0,0,0,1,0,0,1,0,0,1,0,1
90,4.0,2.0,2.0,5.0,4.0,2.0,2.0,5.0,5.0,3.0,1.0,5.0,19.0,154.0,58.0,3.0,1,0,0,1,0,0,0,0,0,1,1,0,0,1,0,1
92,5.0,1.0,3.0,3.0,4.0,3.0,2.0,4.0,4.0,5.0,3.0,3.0,19.0,170.0,63.0,0.0,1,0,0,1,1,0,0,0,0,0,0,1,1,0,1,0
95,5.0,3.0,3.0,5.0,3.0,5.0,5.0,4.0,4.0,3.0,1.0,5.0,21.0,180.0,75.0,1.0,0,1,0,1,1,0,0,0,0,0,1,0,1,0,0,1
96,2.0,1.0,1.0,5.0,1.0,5.0,5.0,5.0,5.0,1.0,1.0,2.0,19.0,182.0,81.0,1.0,0,1,0,1,1,0,0,0,0,0,1,0,1,0,1,0
97,5.0,2.0,3.0,5.0,3.0,5.0,5.0,3.0,5.0,5.0,3.0,5.0,19.0,200.0,75.0,1.0,0,1,0,1,0,0,0,0,1,0,1,0,0,1,1,0
98,3.0,3.0,3.0,2.0,2.0,5.0,5.0,1.0,3.0,5.0,3.0,5.0,22.0,187.0,70.0,1.0,0,1,0,1,0,0,0,0,0,1,1,0,0,1,0,1
99,3.0,2.0,1.0,5.0,4.0,2.0,1.0,4.0,3.0,5.0,1.0,3.0,18.0,162.0,50.0,1.0,1,0,1,0,0,0,0,0,0,1,1,0,1,0,0,1
100,5.0,2.0,2.0,5.0,5.0,3.0,2.0,5.0,5.0,3.0,2.0,3.0,21.0,172.0,71.0,1.0,1,0,0,1,0,0,0,0,0,1,1,0,1,0,1,0
101,4.0,1.0,4.0,5.0,3.0,4.0,5.0,4.0,5.0,5.0,4.0,5.0,18.0,194.0,90.0,1.0,0,1,0,1,0,0,0,0,0,1,1,0,0,1,0,1
104,4.0,4.0,4.0,4.0,2.0,3.0,5.0,4.0,4.0,5.0,3.0,4.0,21.0,180.0,70.0,1.0,0,1,0,1,0,0,0,0,0,1,1,0,0,1,1,0
105,4.0,1.0,2.0,4.0,3.0,1.0,4.0,4.0,5.0,5.0,3.0,3.0,24.0,178.0,74.0,1.0,0,1,0,1,1,0,0,0,0,0,1,0,0,1,0,1
106,5.0,2.0,3.0,5.0,5.0,5.0,5.0,5.0,5.0,4.0,3.0,4.0,19.0,182.0,80.0,1.0,0,1,0,1,0,0,0,0,0,1,1,0,1,0,1,0
108,5.0,3.0,5.0,5.0,4.0,3.0,2.0,4.0,4.0,3.0,1.0,5.0,17.0,168.0,61.0,1.0,1,0,0,1,0,0,0,0,1,0,1,0,1,0,1,0
109,5.0,1.0,4.0,4.0,2.0,5.0,5.0,3.0,3.0,4.0,3.0,5.0,18.0,176.0,65.0,0.0,0,1,0,1,0,0,0,0,0,1,0,1,1,0,1,0
110,4.0,1.0,2.0,5.0,3.0,4.0,5.0,4.0,3.0,4.0,5.0,4.0,21.0,185.0,70.0,1.0,0,1,0,1,1,0,0,0,0,0,1,0,1,0,0,1
111,4.0,1.0,2.0,4.0,4.0,2.0,2.0,5.0,4.0,4.0,2.0,4.0,22.0,166.0,56.0,1.0,1,0,0,1,1,0,0,0,0,0,1,0,0,1,0,1
112,5.0,1.0,3.0,4.0,4.0,3.0,1.0,4.0,4.0,4.0,1.0,2.0,20.0,163.0,54.0,1.0,1,0,1,0,0,0,0,0,0,1,1,0,1,0,1,0
114,5.0,1.0,4.0,4.0,3.0,2.0,2.0,5.0,5.0,3.0,2.0,4.0,19.0,163.0,54.0,1.0,1,0,0,1,0,0,0,0,0,1,1,0,1,0,0,1
116,4.0,1.0,2.0,5.0,5.0,3.0,3.0,5.0,5.0,3.0,1.0,2.0,21.0,169.0,61.0,1.0,1,0,0,1,1,0,0,0,0,0,1,0,1,0,1,0
117,4.0,1.0,2.0,4.0,5.0,2.0,2.0,4.0,2.0,4.0,1.0,4.0,18.0,165.0,55.0,3.0,1,0,0,1,0,0,0,0,0,1,1,0,0,1,0,1
118,5.0,3.0,2.0,3.0,2.0,2.0,3.0,2.0,2.0,3.0,3.0,2.0,23.0,175.0,60.0,1.0,0,1,0,1,1,0,0,0,0,0,1,0,1,0,1,0
119,3.0,2.0,3.0,4.0,3.0,1.0,2.0,3.0,3.0,2.0,1.0,2.0,16.0,161.0,54.0,1.0,1,0,0,1,0,0,0,0,0,1,1,0,0,1,0,1
120,3.0,1.0,3.0,5.0,4.0,2.0,5.0,4.0,4.0,5.0,3.0,5.0,23.0,188.0,90.0,0.0,0,1,0,1,1,0,0,0,0,0,0,1,1,0,1,0
121,4.0,4.0,4.0,4.0,3.0,3.0,4.0,3.0,4.0,1.0,3.0,4.0,21.0,180.0,85.0,2.0,0,1,0,1,0,0,0,0,0,1,1,0,1,0,1,0
122,4.0,4.0,4.0,3.0,2.0,2.0,2.0,4.0,4.0,5.0,2.0,5.0,23.0,156.0,56.0,0.0,1,0,0,1,0,0,0,1,0,0,0,1,1,0,0,1
123,3.0,1.0,4.0,4.0,2.0,1.0,1.0,2.0,4.0,5.0,1.0,4.0,20.0,172.0,80.0,0.0,1,0,1,0,0,0,0,0,0,1,0,1,0,1,0,1
125,5.0,2.0,3.0,5.0,4.0,4.0,3.0,4.0,4.0,3.0,2.0,2.0,20.0,157.0,54.0,1.0,1,0,0,1,0,0,0,0,0,1,1,0,1,0,1,0
126,3.0,1.0,2.0,4.0,4.0,1.0,1.0,5.0,5.0,3.0,1.0,4.0,20.0,163.0,56.0,2.0,1,0,0,1,0,0,0,0,0,1,1,0,0,1,0,1
127,5.0,2.0,4.0,4.0,3.0,4.0,4.0,3.0,3.0,4.0,2.0,4.0,19.0,177.0,64.0,1.0,1,0,0,1,0,0,0,0,1,0,1,0,1,0,1,0
128,5.0,1.0,4.0,3.0,5.0,5.0,5.0,2.0,5.0,2.0,1.0,1.0,15.0,173.0,49.0,3.0,1,0,1,0,0,0,0,0,1,0,1,0,1,0,0,1
129,5.0,1.0,1.0,4.0,5.0,2.0,2.0,5.0,5.0,5.0,2.0,2.0,20.0,178.0,75.0,1.0,1,0,0,1,0,0,0,0,0,1,1,0,0,1,0,1
131,5.0,3.0,5.0,2.0,1.0,4.0,3.0,3.0,3.0,3.0,4.0,5.0,18.0,193.0,103.0,2.0,0,1,0,1,0,0,0,0,1,0,0,1,0,1,0,1
132,5.0,4.0,4.0,5.0,5.0,5.0,4.0,2.0,5.0,4.0,1.0,3.0,15.0,170.0,51.0,1.0,1,0,0,1,0,0,0,0,1,0,1,0,0,1,0,1
133,5.0,1.0,1.0,2.0,2.0,1.0,4.0,5.0,4.0,5.0,1.0,4.0,20.0,170.0,50.0,2.0,1,0,0,1,1,0,0,0,0,0,1,0,1,0,0,1
134,5.0,5.0,3.0,5.0,5.0,5.0,3.0,5.0,5.0,5.0,3.0,4.0,16.0,170.0,59.0,1.0,1,0,0,1,0,0,0,0,0,1,0,1,0,1,0,1
135,4.0,3.0,5.0,5.0,2.0,4.0,5.0,3.0,3.0,5.0,2.0,4.0,18.0,185.0,62.0,1.0,0,1,0,1,0,0,0,0,0,1,1,0,0,1,1,0
136,5.0,4.0,4.0,5.0,4.0,3.0,5.0,2.0,2.0,4.0,3.0,4.0,21.0,185.0,90.0,1.0,0,1,0,1,0,0,0,0,0,1,1,0,0,1,0,1
139,5.0,3.0,3.0,5.0,5.0,2.0,1.0,3.0,4.0,1.0,2.0,3.0,19.0,168.0,53.0,1.0,1,0,0,1,1,0,0,0,0,0,1,0,0,1,1,0
141,3.0,3.0,1.0,5.0,5.0,1.0,1.0,5.0,5.0,5.0,1.0,1.0,19.0,170.0,65.0,1.0,1,0,0,1,0,0,0,0,1,0,0,1,1,0,1,0
147,5.0,2.0,3.0,3.0,3.0,4.0,3.0,4.0,2.0,4.0,2.0,4.0,18.0,185.0,83.0,2.0,0,1,0,1,0,0,0,0,0,1,1,0,1,0,1,0
148,4.0,4.0,4.0,5.0,5.0,4.0,3.0,3.0,3.0,4.0,3.0,4.0,20.0,165.0,55.0,3.0,0,1,0,1,0,0,0,0,0,1,1,0,0,1,0,1
150,5.0,2.0,4.0,4.0,3.0,4.0,2.0,2.0,2.0,3.0,1.0,4.0,22.0,177.0,61.0,1.0,1,0,0,1,0,0,0,0,0,1,1,0,1,0,1,0
151,5.0,4.0,4.0,5.0,2.0,2.0,2.0,3.0,3.0,2.0,1.0,4.0,20.0,180.0,100.0,1.0,0,1,0,1,0,0,0,0,0,1,1,0,1,0,1,0
152,5.0,5.0,3.0,5.0,3.0,2.0,5.0,2.0,3.0,5.0,2.0,4.0,25.0,170.0,72.0,2.0,0,1,0,1,1,0,0,0,0,0,1,0,1,0,1,0
154,4.0,4.0,4.0,5.0,3.0,2.0,5.0,1.0,1.0,5.0,3.0,4.0,24.0,185.0,81.0,1.0,0,1,0,1,1,0,0,0,0,0,1,0,1,0,1,0
155,4.0,5.0,4.0,3.0,3.0,4.0,2.0,3.0,4.0,3.0,1.0,2.0,19.0,171.0,72.0,1.0,1,0,0,1,0,0,0,0,0,1,1,0,1,0,1,0
156,5.0,4.0,4.0,4.0,4.0,3.0,3.0,3.0,2.0,3.0,2.0,4.0,25.0,177.0,97.0,1.0,0,1,1,0,0,0,1,0,0,0,0,1,1,0,1,0
157,5.0,5.0,5.0,3.0,2.0,4.0,5.0,3.0,3.0,3.0,4.0,4.0,26.0,175.0,60.0,2.0,0,1,0,1,0,0,0,1,0,0,1,0,0,1,0,1
158,5.0,4.0,4.0,5.0,5.0,4.0,1.0,5.0,5.0,2.0,1.0,4.0,15.0,160.0,48.0,2.0,1,0,0,1,0,1,0,0,0,0,1,0,0,1,1,0
160,5.0,5.0,4.0,5.0,3.0,5.0,5.0,4.0,4.0,4.0,1.0,3.0,19.0,194.0,79.0,1.0,0,1,0,1,0,0,0,0,0,1,1,0,1,0,1,0
161,5.0,2.0,5.0,5.0,3.0,5.0,2.0,4.0,4.0,3.0,1.0,5.0,20.0,172.0,73.0,2.0,1,0,1,0,0,0,0,0,0,1,0,1,1,0,0,1
163,4.0,5.0,5.0,3.0,3.0,5.0,3.0,2.0,2.0,4.0,1.0,3.0,22.0,184.0,71.0,1.0,0,1,0,1,0,0,0,0,0,1,1,0,1,0,1,0
165,5.0,1.0,1.0,5.0,5.0,2.0,5.0,3.0,2.0,4.0,1.0,3.0,20.0,168.0,60.0,1.0,1,0,0,1,1,0,0,0,0,0,0,1,1,0,1,0
166,4.0,4.0,4.0,5.0,3.0,3.0,2.0,3.0,4.0,3.0,1.0,4.0,21.0,161.0,65.0,1.0,1,0,0,1,0,0,0,0,0,1,1,0,1,0,1,0
168,5.0,5.0,5.0,5.0,3.0,3.0,3.0,4.0,4.0,4.0,3.0,4.0,20.0,180.0,71.0,0.0,1,0,0,1,0,0,0,0,0,1,0,1,1,0,1,0
169,5.0,3.0,2.0,2.0,1.0,2.0,4.0,3.0,5.0,3.0,2.0,3.0,19.0,157.0,57.0,2.0,1,0,0,1,0,0,0,0,0,1,0,1,0,1,0,1
171,5.0,5.0,5.0,5.0,3.0,3.0,4.0,3.0,4.0,3.0,2.0,4.0,20.0,180.0,72.0,0.0,0,1,0,1,0,0,0,0,0,1,0,1,1,0,1,0
172,3.0,3.0,3.0,4.0,2.0,5.0,4.0,3.0,4.0,5.0,3.0,3.0,22.0,191.0,85.0,1.0,0,1,0,1,0,0,0,0,0,1,1,0,0,1,0,1
173,5.0,4.0,3.0,5.0,4.0,5.0,3.0,3.0,4.0,5.0,3.0,4.0,21.0,187.0,75.0,1.0,0,1,0,1,0,0,0,0,0,1,1,0,1,0,1,0
175,4.0,2.0,4.0,5.0,5.0,1.0,1.0,4.0,5.0,2.0,1.0,2.0,17.0,163.0,61.0,2.0,1,0,0,1,0,0,0,0,1,0,0,1,1,0,1,0
178,3.0,3.0,3.0,3.0,2.0,2.0,2.0,5.0,5.0,4.0,3.0,3.0,20.0,160.0,50.0,1.0,1,0,0,1,0,0,0,1,0,0,1,0,1,0,1,0
179,4.0,4.0,4.0,4.0,2.0,4.0,5.0,4.0,5.0,5.0,2.0,4.0,22.0,182.0,75.0,1.0,0,1,0,1,0,0,0,0,0,1,1,0,1,0,1,0
182,5.0,1.0,4.0,5.0,4.0,3.0,1.0,5.0,5.0,4.0,2.0,4.0,19.0,158.0,47.0,0.0,1,0,0,1,0,0,0,0,0,1,0,1,1,0,0,1
184,5.0,3.0,3.0,5.0,2.0,3.0,1.0,3.0,3.0,3.0,2.0,1.0,21.0,174.0,85.0,0.0,1,0,0,1,1,0,0,0,0,0,0,1,1,0,0,1
185,5.0,1.0,2.0,5.0,5.0,3.0,3.0,5.0,5.0,3.0,2.0,3.0,19.0,167.0,55.0,2.0,1,0,0,1,0,0,0,0,0,1,1,0,1,0,1,0
187,4.0,2.0,4.0,4.0,1.0,2.0,2.0,2.0,2.0,2.0,1.0,3.0,22.0,183.0,80.0,1.0,1,0,0,1,1,0,0,0,0,0,1,0,1,0,1,0
189,5.0,5.0,5.0,4.0,4.0,4.0,5.0,3.0,3.0,4.0,5.0,4.0,17.0,166.0,54.0,1.0,1,0,0,1,0,0,0,0,1,0,1,0,1,0,1,0
190,4.0,3.0,5.0,4.0,4.0,3.0,3.0,4.0,4.0,4.0,2.0,2.0,16.0,158.0,48.0,1.0,1,0,1,0,0,0,0,0,1,0,1,0,1,0,1,0
192,5.0,3.0,3.0,5.0,4.0,3.0,2.0,5.0,5.0,4.0,1.0,2.0,18.0,158.0,65.0,2.0,1,0,0,1,0,0,0,0,0,1,1,0,1,0,1,0
193,5.0,3.0,4.0,5.0,5.0,4.0,3.0,3.0,4.0,5.0,1.0,4.0,26.0,169.0,70.0,2.0,0,1,0,1,0,0,0,1,0,0,1,0,1,0,0,1
194,5.0,3.0,5.0,4.0,2.0,4.0,4.0,3.0,3.0,2.0,2.0,3.0,19.0,183.0,78.0,1.0,0,1,0,1,0,0,0,0,0,1,1,0,1,0,0,1
195,4.0,5.0,5.0,5.0,4.0,3.0,3.0,3.0,2.0,3.0,2.0,4.0,19.0,185.0,70.0,1.0,0,1,0,1,0,0,0,0,0,1,0,1,1,0,0,1
196,5.0,1.0,2.0,5.0,5.0,4.0,3.0,5.0,5.0,4.0,3.0,3.0,20.0,169.0,64.0,0.0,1,0,0,1,0,0,0,0,0,1,0,1,1,0,1,0
198,3.0,5.0,3.0,3.0,2.0,3.0,5.0,5.0,5.0,3.0,2.0,3.0,20.0,186.0,88.0,1.0,0,1,0,1,0,0,0,0,0,1,1,0,0,1,0,1
200,5.0,4.0,4.0,5.0,5.0,5.0,5.0,4.0,4.0,5.0,4.0,3.0,21.0,169.0,55.0,2.0,0,1,0,1,0,0,0,0,0,1,1,0,1,0,1,0
203,5.0,3.0,3.0,5.0,5.0,3.0,3.0,5.0,5.0,2.0,2.0,4.0,19.0,163.0,50.0,1.0,1,0,0,1,1,0,0,0,0,0,1,0,1,0,1,0
204,5.0,1.0,2.0,4.0,2.0,5.0,1.0,4.0,5.0,4.0,2.0,3.0,24.0,169.0,51.0,1.0,1,0,0,1,1,0,0,0,0,0,1,0,1,0,0,1
205,5.0,1.0,1.0,4.0,4.0,3.0,3.0,5.0,4.0,5.0,2.0,1.0,19.0,160.0,53.0,1.0,1,0,0,1,0,0,0,0,0,1,0,1,1,0,1,0
206,5.0,5.0,4.0,4.0,1.0,4.0,4.0,2.0,2.0,4.0,4.0,5.0,25.0,184.0,85.0,3.0,0,1,1,0,1,0,0,0,0,0,1,0,0,1,0,1
207,5.0,5.0,5.0,5.0,5.0,5.0,5.0,5.0,5.0,5.0,1.0,4.0,20.0,170.0,62.0,1.0,1,0,0,1,1,0,0,0,0,0,1,0,1,0,0,1
208,3.0,3.0,4.0,4.0,2.0,3.0,5.0,5.0,3.0,4.0,1.0,3.0,19.0,170.0,60.0,2.0,1,0,0,1,0,0,0,0,0,1,1,0,0,1,0,1
211,5.0,2.0,5.0,5.0,5.0,3.0,3.0,5.0,1.0,3.0,2.0,5.0,21.0,176.0,55.0,1.0,1,0,0,1,0,0,0,0,0,1,1,0,0,1,0,1
212,5.0,5.0,5.0,5.0,3.0,5.0,5.0,5.0,5.0,5.0,3.0,5.0,20.0,170.0,62.0,1.0,0,1,0,1,0,0,0,0,0,1,1,0,1,0,1,0
213,5.0,1.0,3.0,5.0,4.0,3.0,3.0,5.0,5.0,4.0,2.0,5.0,20.0,168.0,69.0,1.0,1,0,0,1,0,0,0,0,0,1,1,0,0,1,0,1
214,5.0,1.0,3.0,5.0,2.0,3.0,2.0,4.0,4.0,5.0,3.0,4.0,18.0,173.0,55.0,3.0,1,0,0,1,0,0,0,0,1,0,1,0,1,0,1,0
216,4.0,4.0,2.0,3.0,1.0,1.0,4.0,1.0,1.0,3.0,1.0,2.0,17.0,163.0,68.0,0.0,1,0,0,1,0,0,0,0,0,1,0,1,1,0,1,0
217,5.0,1.0,3.0,5.0,5.0,3.0,2.0,5.0,5.0,4.0,2.0,4.0,19.0,178.0,60.0,1.0,1,0,0,1,0,0,0,0,1,0,1,0,0,1,0,1
218,5.0,3.0,2.0,5.0,3.0,5.0,5.0,3.0,4.0,5.0,1.0,5.0,18.0,182.0,70.0,2.0,0,1,0,1,0,0,0,0,1,0,1,0,0,1,0,1
220,5.0,3.0,3.0,5.0,3.0,2.0,3.0,4.0,5.0,4.0,3.0,4.0,18.0,200.0,90.0,2.0,0,1,0,1,0,0,0,0,0,1,1,0,0,1,0,1
221,5.0,4.0,5.0,5.0,3.0,4.0,3.0,4.0,5.0,4.0,3.0,2.0,30.0,178.0,71.0,2.0,0,1,0,1,0,0,0,1,0,0,1,0,1,0,1,0
222,5.0,1.0,3.0,5.0,5.0,3.0,3.0,5.0,5.0,3.0,3.0,3.0,24.0,153.0,42.0,1.0,1,0,0,1,0,0,0,0,0,1,1,0,1,0,0,1
223,5.0,1.0,2.0,5.0,3.0,2.0,2.0,4.0,5.0,4.0,1.0,4.0,20.0,168.0,51.0,0.0,1,0,0,1,0,0,0,0,0,1,0,1,0,1,0,1
224,5.0,4.0,3.0,4.0,3.0,4.0,5.0,2.0,4.0,3.0,1.0,5.0,20.0,172.0,56.0,1.0,0,1,0,1,0,0,0,0,0,1,1,0,0,1,0,1
225,5.0,3.0,3.0,4.0,2.0,5.0,5.0,2.0,4.0,5.0,3.0,5.0,20.0,176.0,64.0,1.0,0,1,0,1,0,0,0,0,0,1,1,0,0,1,0,1
227,5.0,2.0,4.0,3.0,3.0,2.0,4.0,4.0,5.0,5.0,2.0,4.0,19.0,168.0,68.0,3.0,1,0,0,1,0,0,0,0,0,1,1,0,0,1,0,1
228,5.0,1.0,2.0,3.0,2.0,5.0,5.0,3.0,3.0,4.0,3.0,3.0,20.0,157.0,48.0,2.0,1,0,0,1,0,0,0,0,0,1,1,0,0,1,0,1
229,3.0,1.0,3.0,4.0,1.0,2.0,2.0,3.0,2.0,3.0,3.0,5.0,21.0,173.0,73.0,5.0,0,1,0,1,0,0,0,0,0,1,1,0,0,1,0,1
230,4.0,1.0,3.0,4.0,4.0,4.0,4.0,4.0,4.0,4.0,2.0,4.0,19.0,173.0,63.0,1.0,1,0,0,1,0,0,0,0,0,1,1,0,0,1,0,1
232,5.0,4.0,5.0,5.0,5.0,5.0,5.0,2.0,3.0,3.0,2.0,5.0,19.0,168.0,60.0,2.0,1,0,0,1,0,0,0,0,0,1,1,0,0,1,1,0
234,3.0,1.0,1.0,5.0,5.0,2.0,2.0,5.0,5.0,4.0,2.0,3.0,18.0,168.0,65.0,1.0,1,0,0,1,1,0,0,0,0,0,1,0,0,1,0,1
235,5.0,1.0,2.0,5.0,3.0,1.0,4.0,5.0,5.0,3.0,2.0,3.0,16.0,174.0,64.0,0.0,1,0,0,1,0,0,0,0,0,1,0,1,1,0,1,0
236,5.0,2.0,3.0,5.0,3.0,3.0,5.0,5.0,5.0,5.0,2.0,5.0,19.0,171.0,57.0,0.0,1,0,0,1,0,0,0,0,0,1,0,1,1,0,1,0
237,4.0,3.0,2.0,5.0,5.0,2.0,3.0,5.0,5.0,4.0,2.0,3.0,18.0,173.0,64.0,3.0,1,0,0,1,0,0,0,0,0,1,1,0,1,0,0,1
239,5.0,1.0,3.0,5.0,3.0,3.0,3.0,4.0,4.0,2.0,1.0,4.0,21.0,173.0,59.0,1.0,1,0,1,0,0,0,0,0,0,1,0,1,1,0,1,0
240,3.0,3.0,3.0,5.0,3.0,3.0,4.0,5.0,5.0,4.0,3.0,4.0,21.0,180.0,80.0,1.0,0,1,0,1,1,0,0,0,0,0,1,0,1,0,1,0
241,5.0,3.0,3.0,4.0,4.0,4.0,5.0,4.0,3.0,3.0,2.0,4.0,18.0,180.0,60.0,1.0,1,0,0,1,0,0,0,0,0,1,0,1,1,0,1,0
244,5.0,5.0,5.0,5.0,4.0,2.0,1.0,5.0,5.0,2.0,1.0,4.0,20.0,160.0,46.0,0.0,1,0,0,1,0,0,0,0,0,1,0,1,1,0,1,0
245,5.0,5.0,4.0,5.0,3.0,2.0,1.0,5.0,5.0,3.0,2.0,5.0,19.0,172.0,60.0,1.0,1,0,0,1,0,0,0,0,1,0,1,0,1,0,1,0
246,5.0,4.0,4.0,5.0,4.0,5.0,5.0,5.0,2.0,5.0,5.0,5.0,27.0,180.0,80.0,0.0,0,1,0,1,0,0,0,1,0,0,0,1,1,0,1,0
248,5.0,4.0,4.0,5.0,5.0,4.0,3.0,5.0,5.0,3.0,2.0,5.0,19.0,160.0,55.0,2.0,1,0,0,1,0,0,0,0,0,1,1,0,1,0,1,0
250,5.0,3.0,5.0,5.0,5.0,4.0,2.0,2.0,2.0,2.0,2.0,3.0,20.0,176.0,63.0,0.0,1,0,0,1,0,0,0,0,0,1,0,1,1,0,1,0
251,5.0,5.0,4.0,5.0,5.0,5.0,3.0,5.0,5.0,5.0,2.0,2.0,19.0,164.0,60.0,2.0,1,0,0,1,0,0,0,0,0,1,1,0,0,1,0,1
252,5.0,2.0,2.0,5.0,5.0,4.0,4.0,5.0,5.0,4.0,3.0,4.0,20.0,155.0,44.0,0.0,1,0,0,1,0,0,0,0,0,1,0,1,0,1,0,1
253,3.0,5.0,5.0,5.0,5.0,3.0,1.0,2.0,1.0,2.0,1.0,2.0,17.0,167.0,57.0,2.0,1,0,1,0,0,0,0,0,1,0,0,1,1,0,1,0
254,5.0,1.0,2.0,5.0,5.0,1.0,5.0,5.0,2.0,3.0,1.0,4.0,23.0,171.0,59.0,2.0,1,0,0,1,0,0,0,0,0,1,1,0,0,1,0,1
256,3.0,2.0,2.0,5.0,5.0,2.0,2.0,5.0,5.0,2.0,2.0,2.0,20.0,170.0,60.0,1.0,1,0,0,1,0,0,0,0,0,1,1,0,1,0,1,0
257,5.0,3.0,4.0,5.0,3.0,5.0,5.0,4.0,5.0,5.0,4.0,5.0,19.0,182.0,65.0,2.0,0,1,0,1,0,0,0,0,0,1,1,0,1,0,1,0
258,5.0,4.0,5.0,5.0,2.0,5.0,3.0,5.0,5.0,3.0,1.0,2.0,20.0,182.0,63.0,1.0,1,0,0,1,0,0,0,0,0,1,0,1,1,0,1,0
261,5.0,5.0,4.0,5.0,5.0,4.0,1.0,4.0,5.0,3.0,1.0,4.0,18.0,170.0,50.0,1.0,1,0,0,1,0,0,0,0,0,1,1,0,1,0,0,1
263,5.0,4.0,2.0,5.0,4.0,3.0,2.0,4.0,5.0,1.0,1.0,3.0,15.0,176.0,53.0,3.0,1,0,0,1,0,0,0,0,0,1,1,0,1,0,1,0
265,5.0,3.0,3.0,5.0,5.0,4.0,2.0,2.0,2.0,2.0,1.0,3.0,15.0,170.0,49.0,1.0,1,0,0,1,0,0,0,0,0,1,1,0,1,0,1,0
266,5.0,2.0,3.0,5.0,5.0,3.0,3.0,4.0,4.0,3.0,2.0,2.0,19.0,168.0,72.0,1.0,1,0,0,1,0,0,0,0,0,1,1,0,1,0,1,0
267,4.0,2.0,3.0,5.0,4.0,2.0,2.0,5.0,5.0,4.0,4.0,4.0,21.0,163.0,49.0,2.0,1,0,1,0,0,0,0,1,0,0,1,0,1,0,0,1
268,4.0,1.0,1.0,5.0,5.0,4.0,2.0,5.0,5.0,5.0,2.0,3.0,19.0,152.0,47.0,2.0,1,0,0,1,1,0,0,0,0,0,1,0,1,0,1,0
269,5.0,4.0,4.0,4.0,3.0,3.0,4.0,4.0,4.0,4.0,2.0,3.0,17.0,158.0,57.0,1.0,1,0,0,1,0,0,0,0,0,1,1,0,0,1,0,1
271,5.0,4.0,3.0,4.0,2.0,1.0,5.0,3.0,3.0,4.0,2.0,5.0,24.0,177.0,80.0,0.0,0,1,0,1,0,0,0,0,0,1,0,1,0,1,0,1
272,5.0,3.0,2.0,5.0,2.0,2.0,4.0,3.0,5.0,5.0,1.0,2.0,19.0,170.0,55.0,1.0,1,0,0,1,0,0,0,0,0,1,1,0,1,0,1,0
273,5.0,3.0,5.0,4.0,5.0,4.0,5.0,5.0,5.0,4.0,3.0,3.0,19.0,178.0,67.0,2.0,1,0,0,1,1,0,0,0,0,0,1,0,1,0,1,0
274,4.0,3.0,3.0,5.0,4.0,1.0,2.0,3.0,4.0,5.0,2.0,2.0,22.0,170.0,60.0,0.0,1,0,0,1,0,0,0,0,0,1,0,1,1,0,0,1
275,5.0,4.0,3.0,5.0,4.0,5.0,3.0,5.0,5.0,4.0,3.0,4.0,20.0,170.0,70.0,1.0,1,0,0,1,1,0,0,0,0,0,1,0,1,0,1,0
277,5.0,5.0,4.0,5.0,4.0,5.0,5.0,3.0,3.0,4.0,4.0,4.0,19.0,188.0,76.0,0.0,0,1,0,1,0,0,0,0,0,1,0,1,1,0,1,0
278,5.0,4.0,4.0,5.0,2.0,5.0,3.0,5.0,5.0,5.0,3.0,5.0,19.0,180.0,85.0,2.0,0,1,0,1,0,0,0,0,0,1,1,0,0,1,0,1
280,4.0,1.0,1.0,5.0,5.0,3.0,1.0,3.0,4.0,3.0,2.0,4.0,18.0,178.0,69.0,1.0,1,0,0,1,0,0,0,0,0,1,1,0,1,0,0,1
281,4.0,1.0,4.0,5.0,2.0,3.0,3.0,4.0,1.0,5.0,5.0,5.0,19.0,178.0,74.0,1.0,0,1,0,1,0,0,0,0,0,1,1,0,1,0,1,0
282,3.0,3.0,4.0,5.0,2.0,1.0,1.0,3.0,3.0,1.0,1.0,2.0,20.0,165.0,50.0,2.0,1,0,0,1,0,0,0,0,0,1,1,0,1,0,1,0
284,5.0,4.0,4.0,4.0,2.0,5.0,5.0,5.0,5.0,4.0,2.0,5.0,20.0,178.0,68.0,2.0,0,1,0,1,0,0,0,0,0,1,1,0,1,0,1,0
285,5.0,3.0,4.0,5.0,4.0,2.0,2.0,3.0,3.0,2.0,1.0,3.0,20.0,168.0,55.0,2.0,1,0,0,1,0,0,0,0,0,1,1,0,1,0,1,0
286,5.0,4.0,4.0,5.0,3.0,3.0,4.0,4.0,4.0,4.0,1.0,4.0,27.0,168.0,55.0,1.0,1,0,0,1,0,0,0,1,0,0,1,0,1,0,1,0
287,5.0,3.0,3.0,4.0,4.0,2.0,3.0,4.0,4.0,3.0,2.0,2.0,19.0,180.0,57.0,1.0,1,0,0,1,0,0,0,0,0,1,0,1,1,0,0,1
290,5.0,2.0,4.0,5.0,5.0,3.0,3.0,5.0,5.0,4.0,1.0,2.0,20.0,173.0,58.0,1.0,1,0,0,1,0,0,0,0,0,1,1,0,1,0,0,1
291,4.0,2.0,4.0,4.0,4.0,4.0,3.0,4.0,4.0,3.0,2.0,4.0,20.0,193.0,85.0,1.0,0,1,0,1,0,0,0,0,0,1,1,0,0,1,0,1
293,5.0,1.0,1.0,5.0,4.0,5.0,4.0,5.0,5.0,4.0,3.0,1.0,16.0,167.0,62.0,1.0,1,0,0,1,0,0,0,0,1,0,0,1,0,1,0,1
295,5.0,3.0,5.0,3.0,4.0,2.0,5.0,5.0,4.0,4.0,4.0,2.0,18.0,167.0,57.0,1.0,1,0,0,1,0,0,0,0,0,1,1,0,0,1,0,1
296,5.0,5.0,5.0,5.0,1.0,4.0,4.0,1.0,1.0,3.0,4.0,5.0,23.0,190.0,90.0,1.0,0,1,0,1,1,0,0,0,0,0,1,0,1,0,1,0
297,5.0,2.0,2.0,4.0,3.0,4.0,2.0,2.0,3.0,2.0,2.0,3.0,19.0,187.0,83.0,0.0,0,1,0,1,0,0,0,0,0,1,0,1,0,1,0,1
298,5.0,2.0,2.0,5.0,4.0,2.0,5.0,5.0,5.0,4.0,2.0,3.0,19.0,163.0,51.0,0.0,1,0,0,1,0,0,0,0,0,1,1,0,1,0,0,1
299,5.0,5.0,5.0,5.0,3.0,1.0,3.0,5.0,5.0,5.0,1.0,5.0,22.0,173.0,52.0,1.0,1,0,0,1,1,0,0,0,0,0,1,0,1,0,1,0
301,5.0,1.0,3.0,4.0,2.0,4.0,5.0,5.0,2.0,5.0,4.0,5.0,20.0,190.0,92.0,1.0,0,1,0,1,1,0,0,0,0,0,1,0,1,0,0,1
303,5.0,1.0,3.0,5.0,4.0,1.0,3.0,3.0,3.0,3.0,4.0,5.0,25.0,167.0,76.0,1.0,1,0,0,1,0,0,0,1,0,0,1,0,1,0,1,0
304,5.0,1.0,3.0,5.0,4.0,3.0,1.0,4.0,4.0,2.0,1.0,4.0,18.0,160.0,53.0,2.0,1,0,0,1,0,0,0,0,0,1,0,1,1,0,1,0
305,5.0,1.0,1.0,5.0,5.0,2.0,4.0,5.0,4.0,4.0,1.0,4.0,20.0,169.0,64.0,0.0,1,0,0,1,1,0,0,0,0,0,0,1,1,0,0,1
307,5.0,1.0,1.0,5.0,3.0,4.0,1.0,5.0,5.0,5.0,1.0,1.0,19.0,176.0,68.0,2.0,1,0,0,1,0,0,0,0,0,1,1,0,1,0,1,0
309,4.0,5.0,5.0,3.0,2.0,3.0,2.0,3.0,3.0,2.0,1.0,3.0,16.0,158.0,50.0,0.0,1,0,0,1,0,0,0,0,0,1,0,1,0,1,0,1
311,5.0,4.0,4.0,5.0,4.0,5.0,3.0,4.0,5.0,5.0,3.0,5.0,18.0,167.0,57.0,0.0,1,0,0,1,1,0,0,0,0,0,0,1,1,0,1,0
312,5.0,4.0,4.0,4.0,3.0,4.0,5.0,2.0,2.0,3.0,1.0,3.0,15.0,170.0,75.0,1.0,0,1,0,1,0,0,0,0,1,0,1,0,1,0,0,1
314,5.0,4.0,4.0,5.0,5.0,5.0,5.0,5.0,5.0,5.0,4.0,5.0,20.0,180.0,75.0,2.0,0,1,0,1,0,0,0,0,0,1,1,0,0,1,0,1
315,4.0,1.0,3.0,4.0,1.0,2.0,5.0,4.0,3.0,3.0,2.0,4.0,20.0,184.0,68.0,1.0,0,1,1,0,0,0,0,0,0,1,1,0,1,0,1,0
316,4.0,2.0,3.0,5.0,4.0,3.0,2.0,3.0,5.0,3.0,1.0,3.0,20.0,170.0,60.0,1.0,1,0,0,1,0,0,0,0,0,1,0,1,1,0,0,1
319,5.0,1.0,3.0,5.0,5.0,3.0,4.0,5.0,5.0,3.0,2.0,4.0,18.0,166.0,65.0,1.0,1,0,1,0,0,0,0,0,0,1,1,0,1,0,1,0
322,4.0,1.0,2.0,5.0,5.0,2.0,3.0,5.0,5.0,5.0,1.0,2.0,18.0,160.0,50.0,1.0,1,0,0,1,0,0,0,0,1,0,1,0,1,0,1,0
323,3.0,2.0,4.0,5.0,4.0,2.0,2.0,3.0,2.0,5.0,1.0,5.0,20.0,178.0,68.0,1.0,0,1,1,0,0,0,0,0,0,1,1,0,0,1,0,1
324,5.0,2.0,3.0,5.0,5.0,3.0,2.0,4.0,4.0,3.0,2.0,4.0,18.0,168.0,65.0,1.0,1,0,0,1,0,0,0,0,1,0,1,0,1,0,1,0
325,4.0,1.0,2.0,4.0,3.0,3.0,4.0,4.0,4.0,5.0,2.0,4.0,19.0,185.0,62.0,1.0,0,1,0,1,0,0,0,0,0,1,1,0,0,1,0,1
326,5.0,5.0,4.0,5.0,5.0,4.0,5.0,3.0,3.0,4.0,2.0,2.0,19.0,175.0,58.0,0.0,1,0,0,1,1,0,0,0,0,0,0,1,1,0,1,0
327,5.0,3.0,4.0,5.0,3.0,3.0,3.0,4.0,5.0,5.0,1.0,5.0,20.0,167.0,55.0,1.0,1,0,0,1,0,0,0,0,0,1,1,0,1,0,1,0
329,5.0,4.0,5.0,4.0,4.0,2.0,4.0,5.0,4.0,3.0,1.0,2.0,17.0,160.0,60.0,1.0,1,0,0,1,0,0,0,0,1,0,1,0,1,0,1,0
331,5.0,2.0,1.0,5.0,3.0,3.0,5.0,2.0,2.0,2.0,5.0,2.0,17.0,182.0,92.0,1.0,0,1,0,1,0,0,0,0,0,1,0,1,0,1,0,1
332,5.0,3.0,1.0,5.0,5.0,1.0,2.0,5.0,5.0,3.0,2.0,3.0,22.0,165.0,60.0,2.0,1,0,0,1,0,0,0,0,0,1,1,0,0,1,0,1
333,4.0,2.0,2.0,5.0,5.0,3.0,2.0,5.0,5.0,3.0,3.0,3.0,16.0,174.0,65.0,1.0,1,0,0,1,0,0,0,0,0,1,0,1,1,0,1,0
334,5.0,4.0,5.0,5.0,2.0,1.0,5.0,3.0,4.0,4.0,1.0,1.0,24.0,169.0,50.0,1.0,1,0,0,1,0,0,0,1,0,0,1,0,1,0,1,0
335,5.0,5.0,4.0,5.0,3.0,4.0,5.0,3.0,3.0,4.0,2.0,3.0,17.0,185.0,73.0,1.0,0,1,0,1,0,0,0,0,1,0,1,0,1,0,1,0
336,5.0,5.0,4.0,5.0,3.0,4.0,1.0,3.0,5.0,5.0,1.0,3.0,17.0,170.0,60.0,1.0,0,1,1,0,0,0,0,0,0,1,1,0,1,0,1,0
337,5.0,2.0,2.0,5.0,1.0,2.0,5.0,5.0,5.0,5.0,3.0,4.0,17.0,182.0,76.0,2.0,0,1,0,1,0,0,0,0,0,1,1,0,1,0,0,1
339,5.0,1.0,2.0,5.0,5.0,1.0,3.0,5.0,5.0,5.0,1.0,2.0,18.0,160.0,50.0,2.0,1,0,0,1,0,0,0,0,1,0,1,0,1,0,1,0
340,4.0,2.0,2.0,4.0,4.0,4.0,5.0,3.0,3.0,5.0,1.0,2.0,18.0,158.0,53.0,2.0,1,0,0,1,0,0,0,0,1,0,1,0,0,1,0,1
341,5.0,5.0,5.0,5.0,1.0,4.0,5.0,1.0,1.0,4.0,5.0,5.0,16.0,186.0,63.0,1.0,0,1,0,1,0,0,0,0,1,0,1,0,0,1,0,1
342,3.0,1.0,2.0,5.0,3.0,5.0,2.0,4.0,4.0,3.0,2.0,3.0,20.0,173.0,68.0,1.0,1,0,0,1,0,0,0,0,0,1,0,1,1,0,1,0
344,4.0,1.0,2.0,5.0,4.0,1.0,1.0,5.0,2.0,1.0,1.0,1.0,24.0,172.0,68.0,3.0,1,0,0,1,1,0,0,0,0,0,1,0,0,1,0,1
345,4.0,1.0,3.0,5.0,3.0,5.0,4.0,2.0,1.0,1.0,1.0,5.0,18.0,164.0,60.0,0.0,1,0,0,1,0,0,0,0,0,1,0,1,1,0,1,0
346,5.0,3.0,4.0,5.0,3.0,4.0,3.0,2.0,1.0,3.0,2.0,5.0,17.0,185.0,70.0,1.0,0,1,0,1,0,0,0,0,1,0,0,1,1,0,1,0
348,5.0,1.0,1.0,5.0,2.0,3.0,1.0,5.0,5.0,5.0,3.0,4.0,16.0,182.0,75.0,1.0,0,1,0,1,0,0,0,0,0,1,1,0,1,0,1,0
350,5.0,3.0,3.0,4.0,2.0,5.0,3.0,2.0,5.0,2.0,3.0,5.0,20.0,187.0,68.0,2.0,0,1,0,1,1,0,0,0,0,0,1,0,1,0,0,1
352,5.0,2.0,5.0,5.0,3.0,3.0,5.0,3.0,2.0,5.0,5.0,4.0,19.0,189.0,76.0,1.0,0,1,0,1,0,0,0,0,0,1,1,0,1,0,1,0
353,5.0,4.0,4.0,5.0,4.0,2.0,2.0,2.0,2.0,3.0,2.0,2.0,18.0,166.0,60.0,1.0,1,0,0,1,0,0,0,0,0,1,1,0,1,0,1,0
354,5.0,1.0,4.0,4.0,5.0,3.0,4.0,5.0,5.0,3.0,2.0,3.0,20.0,161.0,59.0,1.0,1,0,0,1,0,0,0,0,0,1,1,0,1,0,1,0
356,4.0,3.0,2.0,5.0,2.0,5.0,3.0,4.0,4.0,4.0,4.0,4.0,18.0,185.0,74.0,1.0,0,1,1,0,0,0,0,0,0,1,1,0,1,0,0,1
358,5.0,2.0,2.0,5.0,3.0,3.0,5.0,3.0,2.0,4.0,3.0,3.0,19.0,170.0,68.0,2.0,0,1,0,1,1,0,0,0,0,0,1,0,1,0,0,1
359,5.0,1.0,2.0,5.0,5.0,3.0,3.0,5.0,5.0,5.0,3.0,4.0,20.0,184.0,72.0,2.0,1,0,0,1,0,0,0,0,0,1,1,0,1,0,1,0
361,5.0,5.0,4.0,5.0,4.0,3.0,1.0,5.0,5.0,2.0,1.0,2.0,19.0,166.0,58.0,1.0,1,0,0,1,1,0,0,0,0,0,1,0,0,1,0,1
363,5.0,1.0,4.0,2.0,3.0,4.0,3.0,2.0,2.0,4.0,3.0,4.0,19.0,167.0,50.0,2.0,1,0,0,1,1,0,0,0,0,0,1,0,1,0,1,0
364,5.0,2.0,4.0,3.0,2.0,1.0,4.0,1.0,1.0,4.0,4.0,5.0,20.0,178.0,75.0,2.0,0,1,0,1,1,0,0,0,0,0,1,0,1,0,1,0
367,5.0,2.0,4.0,5.0,4.0,5.0,5.0,3.0,3.0,5.0,2.0,5.0,20.0,178.0,67.0,2.0,0,1,0,1,0,0,0,0,0,1,1,0,0,1,1,0
370,5.0,1.0,4.0,5.0,3.0,1.0,3.0,5.0,5.0,5.0,2.0,5.0,19.0,168.0,58.0,2.0,1,0,0,1,0,0,0,0,0,1,1,0,0,1,0,1
371,5.0,1.0,2.0,5.0,5.0,3.0,2.0,5.0,5.0,3.0,3.0,2.0,19.0,164.0,53.0,4.0,1,0,0,1,0,0,0,0,0,1,1,0,0,1,0,1
372,4.0,3.0,3.0,4.0,3.0,5.0,4.0,3.0,5.0,5.0,1.0,4.0,20.0,187.0,56.0,2.0,0,1,0,1,0,0,0,0,0,1,1,0,1,0,1,0
374,5.0,3.0,4.0,5.0,5.0,2.0,4.0,5.0,3.0,3.0,2.0,2.0,21.0,176.0,62.0,1.0,1,0,0,1,0,0,0,0,0,1,1,0,1,0,1,0
377,5.0,5.0,5.0,5.0,3.0,1.0,3.0,4.0,4.0,4.0,1.0,2.0,17.0,158.0,70.0,0.0,1,0,0,1,0,0,0,0,0,1,0,1,0,1,0,1
379,5.0,3.0,4.0,5.0,3.0,4.0,4.0,5.0,5.0,4.0,3.0,5.0,25.0,174.0,67.0,2.0,0,1,0,1,0,0,0,1,0,0,1,0,1,0,0,1
380,5.0,4.0,3.0,4.0,3.0,2.0,1.0,5.0,4.0,2.0,1.0,4.0,20.0,170.0,58.0,1.0,1,0,1,0,0,0,0,0,0,1,1,0,1,0,1,0
381,5.0,1.0,5.0,4.0,3.0,4.0,3.0,5.0,5.0,4.0,2.0,4.0,21.0,173.0,58.0,1.0,1,0,0,1,0,0,0,0,0,1,1,0,1,0,1,0
383,5.0,5.0,5.0,5.0,4.0,2.0,1.0,4.0,4.0,5.0,1.0,5.0,22.0,185.0,90.0,1.0,0,1,0,1,1,0,0,0,0,0,1,0,1,0,1,0
385,5.0,3.0,3.0,5.0,5.0,5.0,4.0,5.0,5.0,4.0,4.0,5.0,25.0,178.0,77.0,1.0,0,1,0,1,1,0,0,0,0,0,1,0,1,0,1,0
386,4.0,3.0,3.0,5.0,3.0,5.0,2.0,2.0,2.0,4.0,2.0,3.0,19.0,166.0,55.0,0.0,1,0,0,1,0,0,0,0,0,1,0,1,1,0,1,0
387,5.0,5.0,5.0,5.0,5.0,1.0,1.0,5.0,5.0,3.0,1.0,5.0,25.0,167.0,64.0,2.0,1,0,0,1,0,0,0,1,0,0,1,0,1,0,1,0
388,5.0,3.0,5.0,4.0,4.0,2.0,5.0,5.0,3.0,4.0,1.0,5.0,25.0,169.0,60.0,1.0,1,0,0,1,0,0,0,1,0,0,1,0,1,0,1,0
389,5.0,3.0,3.0,4.0,4.0,3.0,3.0,4.0,4.0,4.0,2.0,2.0,21.0,168.0,60.0,0.0,1,0,0,1,0,0,0,0,0,1,0,1,1,0,0,1
390,5.0,1.0,1.0,4.0,3.0,3.0,2.0,5.0,5.0,5.0,4.0,4.0,20.0,178.0,65.0,2.0,0,1,0,1,0,0,0,0,0,1,1,0,1,0,1,0
391,4.0,2.0,2.0,4.0,4.0,3.0,3.0,4.0,3.0,3.0,2.0,4.0,24.0,165.0,49.0,2.0,1,0,0,1,0,0,0,1,0,0,1,0,1,0,1,0
392,5.0,4.0,5.0,4.0,4.0,2.0,3.0,5.0,5.0,3.0,3.0,3.0,30.0,160.0,47.0,2.0,1,0,0,1,0,0,0,1,0,0,1,0,1,0,1,0
393,5.0,5.0,4.0,3.0,1.0,5.0,5.0,2.0,1.0,3.0,4.0,5.0,21.0,176.0,75.0,1.0,0,1,0,1,0,0,0,0,0,1,1,0,1,0,1,0
394,4.0,2.0,4.0,4.0,3.0,1.0,2.0,4.0,3.0,3.0,1.0,4.0,27.0,186.0,77.0,3.0,0,1,0,1,0,0,0,1,0,0,1,0,1,0,1,0
395,5.0,4.0,4.0,3.0,2.0,5.0,5.0,3.0,2.0,3.0,3.0,5.0,21.0,172.0,68.0,1.0,0,1,0,1,1,0,0,0,0,0,1,0,1,0,1,0
399,5.0,4.0,5.0,5.0,4.0,4.0,2.0,2.0,3.0,1.0,1.0,3.0,22.0,160.0,65.0,1.0,1,0,0,1,0,0,0,0,0,1,1,0,1,0,1,0
400,5.0,2.0,3.0,4.0,2.0,4.0,4.0,4.0,4.0,4.0,2.0,4.0,19.0,180.0,80.0,1.0,0,1,1,0,0,0,0,0,0,1,1,0,0,1,1,0
401,4.0,2.0,1.0,5.0,2.0,1.0,3.0,3.0,3.0,1.0,1.0,1.0,20.0,170.0,90.0,1.0,1,0,0,1,0,0,0,0,0,1,1,0,0,1,1,0
403,4.0,2.0,2.0,5.0,3.0,4.0,2.0,5.0,4.0,5.0,3.0,3.0,23.0,175.0,79.0,2.0,0,1,0,1,0,0,0,0,0,1,1,0,0,1,0,1
404,5.0,1.0,1.0,5.0,5.0,5.0,1.0,5.0,5.0,5.0,1.0,2.0,20.0,167.0,57.0,2.0,1,0,0,1,1,0,0,0,0,0,1,0,0,1,0,1
406,5.0,1.0,3.0,5.0,5.0,5.0,1.0,5.0,5.0,3.0,1.0,3.0,21.0,168.0,60.0,1.0,1,0,1,0,0,0,0,0,0,1,1,0,0,1,0,1
407,5.0,3.0,3.0,5.0,3.0,2.0,4.0,5.0,5.0,4.0,2.0,3.0,19.0,166.0,44.0,1.0,1,0,1,0,0,0,0,0,0,1,1,0,1,0,1,0
408,4.0,5.0,4.0,5.0,5.0,2.0,3.0,5.0,3.0,5.0,1.0,2.0,21.0,164.0,58.0,1.0,1,0,0,1,1,0,0,0,0,0,1,0,1,0,1,0
409,5.0,2.0,3.0,5.0,5.0,3.0,2.0,2.0,2.0,1.0,5.0,2.0,16.0,165.0,50.0,0.0,1,0,0,1,0,1,0,0,0,0,0,1,1,0,1,0
410,5.0,5.0,5.0,5.0,1.0,5.0,5.0,5.0,5.0,5.0,5.0,5.0,20.0,180.0,88.0,1.0,0,1,0,1,0,0,0,0,0,1,1,0,0,1,0,1
411,5.0,1.0,3.0,4.0,5.0,2.0,3.0,5.0,5.0,2.0,1.0,3.0,18.0,173.0,60.0,0.0,1,0,0,1,0,0,0,0,0,1,0,1,1,0,1,0
412,2.0,1.0,1.0,5.0,3.0,1.0,1.0,1.0,3.0,1.0,1.0,3.0,21.0,168.0,54.0,1.0,1,0,0,1,0,0,0,0,0,1,1,0,1,0,1,0
413,5.0,3.0,3.0,4.0,2.0,3.0,5.0,3.0,3.0,4.0,2.0,5.0,21.0,177.0,68.0,2.0,0,1,0,1,0,0,0,0,0,1,1,0,0,1,0,1
414,5.0,4.0,3.0,4.0,4.0,3.0,2.0,4.0,4.0,4.0,1.0,2.0,18.0,167.0,56.0,2.0,0,1,0,1,1,0,0,0,0,0,1,0,1,0,1,0
415,5.0,5.0,5.0,5.0,4.0,1.0,3.0,5.0,5.0,4.0,1.0,1.0,19.0,173.0,69.0,1.0,1,0,0,1,0,0,0,0,0,1,1,0,0,1,0,1
417,5.0,5.0,5.0,3.0,1.0,3.0,4.0,1.0,1.0,3.0,2.0,4.0,18.0,180.0,60.0,1.0,0,1,0,1,0,0,0,0,0,1,1,0,0,1,0,1
418,5.0,1.0,5.0,5.0,4.0,3.0,1.0,3.0,3.0,3.0,1.0,2.0,18.0,172.0,60.0,1.0,1,0,0,1,0,0,0,0,1,0,1,0,0,1,0,1
419,3.0,1.0,2.0,2.0,2.0,2.0,5.0,4.0,1.0,5.0,2.0,4.0,23.0,158.0,53.0,0.0,1,0,0,1,0,0,0,0,0,1,0,1,0,1,0,1
420,5.0,1.0,3.0,5.0,1.0,2.0,3.0,5.0,5.0,5.0,1.0,4.0,20.0,165.0,52.0,1.0,1,0,0,1,0,0,0,0,0,1,1,0,0,1,0,1
421,5.0,1.0,2.0,5.0,5.0,5.0,5.0,5.0,5.0,5.0,2.0,5.0,18.0,168.0,55.0,1.0,1,0,1,0,0,0,0,0,0,1,1,0,0,1,0,1
425,5.0,4.0,5.0,5.0,5.0,5.0,5.0,5.0,5.0,5.0,1.0,5.0,21.0,161.0,57.0,3.0,1,0,0,1,0,0,0,0,0,1,1,0,0,1,0,1
426,4.0,1.0,4.0,4.0,2.0,3.0,3.0,4.0,4.0,4.0,1.0,1.0,22.0,160.0,65.0,1.0,1,0,0,1,0,0,0,1,0,0,1,0,1,0,0,1
427,5.0,2.0,4.0,4.0,3.0,4.0,2.0,5.0,5.0,5.0,1.0,3.0,19.0,180.0,77.0,1.0,0,1,0,1,0,0,0,0,0,1,1,0,1,0,1,0
428,5.0,1.0,3.0,4.0,5.0,3.0,1.0,5.0,5.0,3.0,1.0,3.0,18.0,164.0,56.0,2.0,1,0,0,1,0,0,0,0,1,0,1,0,1,0,1,0
430,5.0,1.0,3.0,5.0,4.0,4.0,3.0,4.0,5.0,5.0,2.0,3.0,19.0,170.0,53.0,1.0,1,0,0,1,0,0,0,1,0,0,1,0,0,1,0,1
431,5.0,4.0,4.0,5.0,3.0,3.0,2.0,4.0,5.0,4.0,3.0,5.0,19.0,185.0,78.0,2.0,0,1,1,0,0,0,0,0,0,1,1,0,0,1,0,1
432,4.0,5.0,4.0,4.0,2.0,3.0,3.0,2.0,3.0,4.0,4.0,2.0,20.0,184.0,80.0,1.0,0,1,0,1,0,0,0,0,0,1,1,0,1,0,1,0
433,5.0,3.0,5.0,4.0,3.0,3.0,2.0,2.0,2.0,5.0,1.0,2.0,19.0,170.0,56.0,3.0,1,0,0,1,0,0,0,0,0,1,1,0,1,0,1,0
434,5.0,1.0,3.0,4.0,1.0,4.0,3.0,2.0,3.0,5.0,4.0,5.0,18.0,184.0,83.0,1.0,0,1,0,1,0,0,0,0,0,1,1,0,1,0,1,0
435,4.0,2.0,2.0,4.0,3.0,2.0,2.0,3.0,4.0,2.0,1.0,2.0,18.0,173.0,60.0,1.0,1,0,0,1,0,0,0,0,0,1,1,0,1,0,1,0
436,4.0,3.0,3.0,5.0,4.0,4.0,3.0,4.0,4.0,2.0,2.0,4.0,19.0,176.0,62.0,1.0,0,1,0,1,0,0,0,0,0,1,1,0,1,0,1,0
438,5.0,1.0,2.0,4.0,5.0,2.0,2.0,5.0,5.0,4.0,1.0,2.0,18.0,180.0,74.0,2.0,1,0,0,1,0,0,0,0,0,1,1,0,0,1,0,1
439,5.0,3.0,5.0,5.0,3.0,3.0,4.0,2.0,2.0,3.0,2.0,5.0,19.0,175.0,70.0,1.0,0,1,0,1,0,0,0,0,0,1,1,0,1,0,1,0
440,5.0,3.0,3.0,5.0,4.0,2.0,3.0,3.0,2.0,3.0,2.0,2.0,19.0,164.0,58.0,1.0,1,0,0,1,0,0,0,0,0,1,1,0,1,0,1,0
442,5.0,5.0,4.0,5.0,4.0,3.0,3.0,5.0,5.0,4.0,3.0,3.0,18.0,163.0,58.0,6.0,1,0,0,1,0,0,0,0,0,1,1,0,1,0,1,0
443,4.0,3.0,4.0,4.0,2.0,5.0,4.0,3.0,3.0,2.0,1.0,4.0,18.0,162.0,54.0,3.0,1,0,0,1,0,0,0,0,0,1,1,0,0,1,0,1
444,5.0,3.0,3.0,4.0,2.0,3.0,3.0,2.0,3.0,3.0,2.0,2.0,19.0,170.0,54.0,1.0,1,0,0,1,0,0,0,0,0,1,1,0,1,0,1,0
445,5.0,1.0,2.0,5.0,5.0,3.0,1.0,5.0,5.0,3.0,1.0,3.0,20.0,157.0,43.0,1.0,1,0,0,1,0,0,0,0,0,1,0,1,1,0,1,0
446,5.0,4.0,3.0,5.0,1.0,3.0,3.0,1.0,2.0,3.0,1.0,4.0,19.0,185.0,70.0,1.0,0,1,0,1,0,0,0,0,0,1,1,0,1,0,1,0
447,4.0,2.0,2.0,4.0,4.0,1.0,1.0,3.0,3.0,5.0,1.0,1.0,26.0,163.0,55.0,3.0,1,0,1,0,0,0,0,1,0,0,1,0,0,1,0,1
448,5.0,3.0,4.0,5.0,4.0,3.0,3.0,4.0,4.0,3.0,2.0,2.0,19.0,168.0,49.0,1.0,1,0,0,1,0,0,0,0,0,1,1,0,0,1,0,1
450,5.0,4.0,5.0,5.0,3.0,5.0,3.0,5.0,5.0,5.0,1.0,5.0,22.0,178.0,82.0,1.0,0,1,0,1,1,0,0,0,0,0,1,0,0,1,0,1
451,4.0,2.0,4.0,4.0,4.0,2.0,4.0,3.0,3.0,5.0,3.0,4.0,20.0,165.0,65.0,1.0,0,1,0,1,1,0,0,0,0,0,1,0,0,1,0,1
452,5.0,3.0,5.0,5.0,5.0,1.0,1.0,5.0,2.0,3.0,1.0,1.0,28.0,180.0,63.0,2.0,1,0,0,1,0,0,0,1,0,0,1,0,1,0,1,0
454,5.0,5.0,5.0,5.0,4.0,2.0,2.0,5.0,5.0,4.0,1.0,3.0,21.0,156.0,48.0,0.0,1,0,0,1,0,0,0,0,0,1,0,1,1,0,0,1
455,5.0,1.0,3.0,5.0,5.0,1.0,1.0,5.0,4.0,3.0,1.0,5.0,19.0,175.0,58.0,1.0,1,0,0,1,0,0,0,0,0,1,1,0,0,1,0,1
456,5.0,3.0,3.0,5.0,1.0,2.0,2.0,1.0,1.0,4.0,2.0,5.0,22.0,188.0,80.0,2.0,0,1,0,1,0,0,0,0,0,1,1,0,1,0,1,0
457,5.0,2.0,4.0,5.0,3.0,5.0,5.0,2.0,3.0,4.0,2.0,5.0,19.0,181.0,62.0,2.0,0,1,0,1,0,0,0,0,0,1,1,0,1,0,0,1
459,5.0,1.0,2.0,5.0,4.0,1.0,2.0,5.0,5.0,4.0,2.0,1.0,19.0,166.0,62.0,0.0,1,0,0,1,0,0,0,0,0,1,0,1,1,0,1,0
460,5.0,5.0,5.0,5.0,2.0,2.0,3.0,3.0,3.0,5.0,3.0,5.0,22.0,189.0,78.0,2.0,0,1,1,0,0,0,0,0,0,1,1,0,1,0,1,0
461,4.0,2.0,3.0,5.0,3.0,2.0,3.0,3.0,3.0,4.0,3.0,3.0,29.0,189.0,96.0,3.0,0,1,0,1,0,0,0,1,0,0,0,1,0,1,0,1
463,5.0,1.0,1.0,4.0,5.0,1.0,1.0,4.0,5.0,2.0,1.0,2.0,18.0,164.0,60.0,0.0,1,0,0,1,0,0,0,0,0,1,0,1,1,0,1,0
464,3.0,1.0,4.0,4.0,5.0,1.0,3.0,3.0,3.0,2.0,2.0,1.0,22.0,172.0,50.0,1.0,1,0,0,1,0,0,0,0,0,1,1,0,1,0,0,1
465,5.0,2.0,3.0,5.0,3.0,3.0,4.0,3.0,3.0,4.0,4.0,4.0,17.0,157.0,46.0,1.0,1,0,0,1,0,0,0,0,0,1,1,0,1,0,0,1
467,5.0,2.0,2.0,5.0,4.0,2.0,1.0,3.0,3.0,2.0,1.0,4.0,20.0,161.0,46.0,1.0,1,0,0,1,0,0,0,0,0,1,1,0,0,1,0,1
470,4.0,5.0,5.0,5.0,5.0,2.0,1.0,3.0,3.0,2.0,1.0,3.0,19.0,167.0,58.0,1.0,1,0,0,1,0,0,0,0,0,1,1,0,0,1,1,0
471,5.0,2.0,4.0,5.0,3.0,5.0,4.0,4.0,5.0,4.0,3.0,5.0,20.0,178.0,74.0,1.0,0,1,0,1,0,0,0,0,0,1,1,0,1,0,1,0
472,3.0,5.0,4.0,5.0,2.0,2.0,2.0,1.0,1.0,4.0,2.0,1.0,25.0,186.0,78.0,1.0,0,1,0,1,0,0,0,1,0,0,1,0,0,1,1,0
480,5.0,2.0,4.0,5.0,5.0,5.0,2.0,5.0,5.0,5.0,3.0,4.0,21.0,161.0,55.0,2.0,1,0,0,1,0,0,0,0,0,1,1,0,1,0,1,0
482,5.0,1.0,4.0,5.0,4.0,4.0,2.0,2.0,3.0,3.0,1.0,4.0,22.0,189.0,82.0,2.0,0,1,0,1,0,0,0,0,0,1,1,0,1,0,1,0
486,5.0,2.0,5.0,5.0,4.0,3.0,3.0,4.0,2.0,4.0,2.0,1.0,28.0,171.0,57.0,1.0,1,0,0,1,0,0,0,1,0,0,1,0,1,0,1,0
488,5.0,4.0,4.0,4.0,2.0,4.0,4.0,3.0,3.0,4.0,4.0,4.0,22.0,177.0,75.0,1.0,0,1,0,1,0,0,0,0,0,1,1,0,1,0,1,0
489,5.0,3.0,5.0,5.0,2.0,1.0,5.0,5.0,5.0,4.0,1.0,1.0,20.0,160.0,49.0,2.0,1,0,0,1,1,0,0,0,0,0,0,1,0,1,0,1
490,1.0,2.0,2.0,5.0,5.0,1.0,1.0,5.0,4.0,1.0,1.0,1.0,16.0,168.0,50.0,1.0,1,0,0,1,0,0,0,0,1,0,1,0,1,0,1,0
491,5.0,4.0,4.0,5.0,4.0,4.0,2.0,4.0,4.0,4.0,1.0,4.0,19.0,165.0,56.0,1.0,1,0,0,1,0,0,0,0,0,1,1,0,1,0,1,0
492,5.0,1.0,2.0,3.0,5.0,2.0,5.0,5.0,5.0,5.0,2.0,4.0,20.0,163.0,68.0,2.0,1,0,0,1,0,0,0,0,0,1,1,0,1,0,1,0
493,5.0,3.0,5.0,4.0,2.0,3.0,4.0,2.0,3.0,3.0,2.0,5.0,21.0,185.0,78.0,1.0,0,1,0,1,1,0,0,0,0,0,1,0,1,0,1,0
494,5.0,2.0,3.0,5.0,5.0,3.0,3.0,3.0,4.0,3.0,1.0,1.0,19.0,165.0,55.0,1.0,1,0,0,1,0,0,0,0,0,1,1,0,1,0,1,0
496,4.0,3.0,4.0,4.0,4.0,2.0,2.0,5.0,4.0,4.0,2.0,2.0,25.0,170.0,52.0,1.0,1,0,0,1,1,0,0,0,0,0,1,0,1,0,1,0
498,5.0,1.0,1.0,4.0,3.0,2.0,4.0,5.0,5.0,4.0,2.0,3.0,19.0,170.0,50.0,3.0,1,0,0,1,0,0,0,0,0,1,1,0,0,1,0,1
500,5.0,3.0,3.0,5.0,5.0,5.0,5.0,5.0,5.0,4.0,1.0,3.0,19.0,172.0,58.0,2.0,1,0,1,0,0,0,0,0,0,1,1,0,1,0,0,1
501,4.0,4.0,5.0,3.0,5.0,1.0,5.0,2.0,2.0,4.0,1.0,1.0,21.0,179.0,60.0,1.0,1,0,0,1,0,0,0,0,0,1,1,0,1,0,1,0
503,5.0,2.0,1.0,5.0,5.0,5.0,3.0,5.0,5.0,5.0,4.0,2.0,28.0,176.0,60.0,1.0,1,0,0,1,0,0,0,1,0,0,1,0,1,0,1,0
504,5.0,5.0,4.0,5.0,3.0,4.0,5.0,4.0,2.0,3.0,1.0,2.0,21.0,168.0,50.0,1.0,1,0,0,1,1,0,0,0,0,0,1,0,0,1,0,1
505,5.0,2.0,4.0,5.0,3.0,4.0,3.0,3.0,4.0,4.0,5.0,5.0,20.0,177.0,75.0,3.0,0,1,0,1,0,0,0,0,0,1,1,0,0,1,0,1
506,5.0,1.0,5.0,5.0,2.0,3.0,3.0,2.0,2.0,3.0,2.0,4.0,19.0,189.0,83.0,1.0,0,1,1,0,0,0,0,0,0,1,1,0,1,0,1,0
507,4.0,2.0,3.0,3.0,2.0,4.0,1.0,5.0,1.0,5.0,3.0,2.0,21.0,168.0,53.0,1.0,1,0,0,1,1,0,0,0,0,0,1,0,0,1,0,1
510,4.0,2.0,3.0,4.0,4.0,4.0,4.0,4.0,3.0,4.0,4.0,4.0,22.0,176.0,70.0,1.0,0,1,0,1,1,0,0,0,0,0,0,1,0,1,0,1
511,5.0,3.0,3.0,5.0,4.0,4.0,2.0,4.0,4.0,3.0,3.0,4.0,19.0,185.0,75.0,2.0,0,1,0,1,0,0,0,0,0,1,1,0,1,0,1,0
513,4.0,3.0,5.0,5.0,3.0,3.0,3.0,4.0,4.0,3.0,2.0,4.0,20.0,178.0,74.0,0.0,0,1,0,1,0,0,0,0,0,1,0,1,0,1,1,0
514,5.0,3.0,4.0,5.0,3.0,3.0,5.0,5.0,5.0,5.0,4.0,4.0,22.0,178.0,66.0,0.0,0,1,0,1,1,0,0,0,0,0,0,1,1,0,1,0
515,5.0,5.0,4.0,5.0,1.0,4.0,4.0,1.0,4.0,3.0,5.0,5.0,19.0,187.0,69.0,1.0,0,1,0,1,0,0,0,0,0,1,1,0,1,0,1,0
518,4.0,1.0,2.0,5.0,3.0,3.0,2.0,5.0,5.0,5.0,1.0,4.0,18.0,171.0,62.0,1.0,1,0,0,1,0,0,0,0,0,1,1,0,1,0,1,0
519,4.0,3.0,3.0,4.0,2.0,3.0,5.0,2.0,2.0,4.0,2.0,4.0,19.0,185.0,74.0,1.0,0,1,0,1,0,0,0,0,1,0,1,0,1,0,1,0
520,5.0,2.0,3.0,5.0,5.0,3.0,2.0,3.0,3.0,4.0,2.0,3.0,23.0,174.0,62.0,1.0,1,0,0,1,0,0,0,1,0,0,1,0,1,0,1,0
521,5.0,3.0,5.0,5.0,4.0,1.0,1.0,5.0,5.0,4.0,1.0,1.0,20.0,157.0,57.0,0.0,1,0,0,1,0,0,0,0,0,1,0,1,1,0,1,0
522,5.0,1.0,2.0,5.0,4.0,3.0,3.0,4.0,4.0,3.0,2.0,4.0,18.0,165.0,57.0,2.0,1,0,0,1,0,0,0,0,0,1,1,0,1,0,0,1
528,5.0,2.0,5.0,5.0,2.0,5.0,3.0,4.0,4.0,5.0,1.0,5.0,20.0,185.0,85.0,2.0,0,1,0,1,0,0,0,0,0,1,1,0,1,0,0,1
529,4.0,1.0,2.0,3.0,2.0,2.0,3.0,4.0,4.0,4.0,2.0,2.0,20.0,180.0,68.0,1.0,0,1,0,1,0,0,0,0,0,1,1,0,1,0,1,0
530,4.0,1.0,1.0,5.0,3.0,3.0,1.0,3.0,1.0,5.0,1.0,5.0,28.0,172.0,50.0,2.0,1,0,0,1,0,0,0,0,0,1,1,0,1,0,1,0
531,5.0,2.0,1.0,4.0,4.0,3.0,4.0,5.0,5.0,5.0,2.0,3.0,22.0,189.0,68.0,1.0,0,1,0,1,0,0,0,0,0,1,1,0,0,1,0,1
532,5.0,4.0,3.0,5.0,4.0,2.0,2.0,5.0,5.0,5.0,1.0,3.0,19.0,170.0,65.0,0.0,1,0,0,1,0,0,0,0,0,1,0,1,1,0,1,0
533,5.0,3.0,3.0,4.0,3.0,3.0,3.0,3.0,3.0,3.0,1.0,3.0,21.0,184.0,82.0,3.0,0,1,0,1,1,0,0,0,0,0,1,0,1,0,1,0
535,5.0,4.0,4.0,5.0,5.0,5.0,5.0,5.0,5.0,3.0,2.0,5.0,17.0,175.0,60.0,2.0,0,1,0,1,0,0,0,0,0,1,1,0,0,1,0,1
536,5.0,5.0,5.0,5.0,3.0,1.0,3.0,3.0,3.0,2.0,1.0,5.0,19.0,168.0,57.0,1.0,1,0,0,1,1,0,0,0,0,0,1,0,1,0,1,0
537,5.0,2.0,4.0,3.0,4.0,1.0,4.0,2.0,4.0,4.0,2.0,3.0,25.0,190.0,82.0,3.0,0,1,0,1,0,0,0,1,0,0,1,0,1,0,1,0
538,5.0,3.0,4.0,5.0,4.0,4.0,3.0,5.0,5.0,2.0,1.0,4.0,20.0,170.0,52.0,1.0,1,0,0,1,0,0,0,0,0,1,1,0,0,1,0,1
539,5.0,2.0,5.0,2.0,1.0,5.0,5.0,2.0,1.0,5.0,4.0,3.0,26.0,194.0,85.0,2.0,0,1,0,1,1,0,0,0,0,0,1,0,1,0,1,0
541,5.0,3.0,3.0,5.0,5.0,3.0,2.0,5.0,5.0,3.0,2.0,4.0,20.0,175.0,53.0,2.0,1,0,0,1,0,0,0,0,0,1,1,0,1,0,1,0
544,5.0,1.0,4.0,1.0,2.0,4.0,4.0,4.0,4.0,4.0,1.0,3.0,21.0,175.0,75.0,2.0,0,1,0,1,0,0,0,1,0,0,0,1,1,0,0,1
545,5.0,5.0,5.0,5.0,3.0,5.0,5.0,5.0,5.0,4.0,5.0,5.0,20.0,176.0,70.0,3.0,0,1,0,1,0,0,0,0,0,1,1,0,0,1,1,0
546,5.0,5.0,5.0,5.0,3.0,5.0,5.0,3.0,5.0,3.0,2.0,4.0,27.0,178.0,77.0,3.0,0,1,0,1,0,0,0,1,0,0,1,0,0,1,0,1
547,5.0,3.0,5.0,5.0,2.0,2.0,4.0,4.0,4.0,5.0,3.0,4.0,21.0,203.0,80.0,2.0,0,1,1,0,0,0,0,0,0,1,1,0,0,1,0,1
550,5.0,1.0,3.0,4.0,3.0,5.0,3.0,5.0,5.0,4.0,2.0,4.0,17.0,163.0,49.0,3.0,1,0,1,0,0,0,0,0,1,0,0,1,0,1,0,1
553,4.0,2.0,2.0,5.0,5.0,3.0,2.0,4.0,3.0,2.0,3.0,4.0,18.0,170.0,53.0,1.0,1,0,0,1,0,0,0,0,0,1,0,1,0,1,0,1
554,4.0,1.0,2.0,4.0,4.0,2.0,3.0,3.0,2.0,4.0,2.0,4.0,19.0,178.0,65.0,0.0,0,1,0,1,1,0,0,0,0,0,0,1,0,1,0,1
555,4.0,2.0,4.0,5.0,5.0,1.0,2.0,4.0,2.0,4.0,2.0,5.0,21.0,167.0,63.0,1.0,1,0,0,1,1,0,0,0,0,0,0,1,0,1,0,1
557,5.0,3.0,4.0,5.0,5.0,5.0,2.0,3.0,3.0,4.0,3.0,5.0,20.0,170.0,55.0,2.0,1,0,0,1,1,0,0,0,0,0,1,0,1,0,1,0
559,5.0,4.0,5.0,5.0,5.0,2.0,1.0,3.0,3.0,1.0,1.0,2.0,20.0,173.0,55.0,1.0,1,0,0,1,0,0,0,0,0,1,0,1,0,1,0,1
561,4.0,3.0,4.0,5.0,2.0,5.0,5.0,4.0,4.0,4.0,3.0,4.0,20.0,185.0,86.0,1.0,0,1,0,1,0,0,0,0,0,1,1,0,1,0,1,0
564,5.0,1.0,5.0,5.0,3.0,5.0,5.0,5.0,5.0,5.0,1.0,5.0,20.0,180.0,75.0,2.0,0,1,0,1,1,0,0,0,0,0,1,0,0,1,0,1
566,5.0,1.0,2.0,5.0,5.0,2.0,4.0,3.0,3.0,2.0,3.0,5.0,19.0,175.0,76.0,1.0,1,0,0,1,0,0,0,0,0,1,1,0,0,1,0,1
568,5.0,2.0,3.0,5.0,5.0,1.0,1.0,2.0,4.0,5.0,1.0,3.0,23.0,172.0,64.0,1.0,1,0,0,1,1,0,0,0,0,0,1,0,1,0,1,0
569,5.0,2.0,2.0,5.0,5.0,4.0,3.0,4.0,4.0,4.0,2.0,3.0,20.0,165.0,48.0,1.0,1,0,0,1,1,0,0,0,0,0,1,0,1,0,0,1
573,5.0,1.0,3.0,5.0,3.0,3.0,4.0,3.0,3.0,5.0,1.0,4.0,17.0,183.0,75.0,3.0,0,1,0,1,0,0,0,0,1,0,1,0,1,0,1,0
574,5.0,1.0,3.0,5.0,5.0,1.0,1.0,5.0,5.0,3.0,1.0,3.0,20.0,178.0,58.0,1.0,1,0,0,1,0,0,0,0,0,1,1,0,0,1,0,1
575,4.0,2.0,2.0,5.0,3.0,3.0,3.0,5.0,4.0,4.0,3.0,2.0,21.0,169.0,65.0,1.0,1,0,0,1,0,0,0,0,0,1,1,0,1,0,0,1
576,5.0,3.0,5.0,5.0,5.0,5.0,5.0,4.0,5.0,5.0,5.0,5.0,21.0,178.0,78.0,3.0,0,1,0,1,0,0,0,0,0,1,1,0,1,0,0,1
577,5.0,4.0,4.0,4.0,5.0,4.0,2.0,2.0,3.0,2.0,1.0,2.0,19.0,160.0,43.0,1.0,1,0,0,1,0,0,0,0,0,1,1,0,1,0,1,0
578,5.0,3.0,3.0,5.0,5.0,5.0,2.0,5.0,5.0,2.0,2.0,5.0,20.0,175.0,75.0,0.0,1,0,0,1,0,0,0,0,0,1,0,1,0,1,0,1
579,5.0,3.0,5.0,5.0,3.0,5.0,2.0,4.0,5.0,4.0,1.0,5.0,19.0,195.0,95.0,0.0,0,1,0,1,1,0,0,0,0,0,0,1,1,0,1,0
582,5.0,4.0,3.0,3.0,2.0,4.0,4.0,3.0,2.0,4.0,2.0,4.0,22.0,172.0,70.0,3.0,0,1,0,1,1,0,0,0,0,0,1,0,1,0,1,0
583,5.0,4.0,5.0,5.0,3.0,5.0,2.0,2.0,2.0,3.0,1.0,5.0,22.0,190.0,80.0,1.0,0,1,0,1,1,0,0,0,0,0,1,0,1,0,1,0
584,4.0,1.0,4.0,5.0,5.0,3.0,3.0,5.0,5.0,4.0,1.0,4.0,28.0,178.0,65.0,1.0,1,0,1,0,0,0,0,1,0,0,1,0,1,0,1,0
585,4.0,1.0,4.0,5.0,5.0,4.0,5.0,4.0,4.0,3.0,1.0,5.0,21.0,185.0,80.0,1.0,0,1,0,1,0,0,0,0,0,1,1,0,1,0,1,0
587,4.0,5.0,3.0,3.0,3.0,4.0,5.0,2.0,2.0,2.0,3.0,4.0,17.0,165.0,65.0,3.0,1,0,0,1,0,0,0,0,1,0,1,0,1,0,1,0
588,5.0,3.0,3.0,5.0,5.0,2.0,2.0,5.0,5.0,3.0,1.0,3.0,21.0,170.0,52.0,1.0,1,0,0,1,0,0,0,0,0,1,0,1,1,0,1,0
589,5.0,3.0,4.0,5.0,4.0,3.0,5.0,5.0,4.0,5.0,1.0,3.0,17.0,173.0,66.0,1.0,1,0,0,1,0,0,0,0,1,0,1,0,0,1,1,0
590,5.0,4.0,4.0,4.0,2.0,5.0,4.0,4.0,2.0,3.0,2.0,4.0,28.0,182.0,88.0,1.0,0,1,0,1,0,0,0,1,0,0,1,0,1,0,1,0
591,3.0,1.0,1.0,5.0,2.0,4.0,2.0,3.0,4.0,5.0,2.0,4.0,20.0,160.0,55.0,1.0,1,0,0,1,1,0,0,0,0,0,1,0,1,0,1,0
593,4.0,4.0,4.0,5.0,3.0,1.0,3.0,4.0,3.0,4.0,1.0,2.0,21.0,172.0,52.0,1.0,1,0,0,1,0,0,0,0,0,1,1,0,1,0,1,0
594,4.0,2.0,3.0,2.0,3.0,3.0,3.0,3.0,3.0,4.0,1.0,2.0,23.0,189.0,87.0,1.0,0,1,0,1,1,0,0,0,0,0,1,0,1,0,1,0
595,5.0,5.0,3.0,5.0,1.0,4.0,5.0,3.0,4.0,2.0,1.0,3.0,17.0,168.0,67.0,1.0,0,1,0,1,0,0,0,0,1,0,0,1,0,1,0,1
597,5.0,4.0,4.0,5.0,3.0,3.0,3.0,4.0,5.0,2.0,2.0,5.0,19.0,178.0,68.0,1.0,0,1,0,1,0,0,0,0,0,1,1,0,1,0,1,0
598,5.0,3.0,4.0,5.0,4.0,3.0,1.0,5.0,4.0,2.0,3.0,4.0,19.0,170.0,80.0,1.0,0,1,1,0,0,0,0,0,0,1,1,0,1,0,1,0
599,5.0,4.0,5.0,5.0,3.0,4.0,5.0,5.0,5.0,5.0,3.0,5.0,19.0,184.0,84.0,1.0,0,1,0,1,0,0,0,0,0,1,1,0,1,0,1,0
600,5.0,1.0,1.0,4.0,4.0,1.0,4.0,5.0,5.0,4.0,2.0,2.0,18.0,171.0,54.0,0.0,1,0,0,1,0,0,0,0,0,1,0,1,1,0,1,0
601,5.0,1.0,2.0,3.0,4.0,1.0,2.0,5.0,4.0,3.0,1.0,2.0,19.0,164.0,55.0,1.0,1,0,0,1,0,0,0,0,0,1,1,0,0,1,1,0
604,5.0,5.0,5.0,5.0,5.0,4.0,1.0,5.0,5.0,4.0,2.0,4.0,21.0,170.0,53.0,1.0,1,0,0,1,0,0,0,0,0,1,1,0,1,0,1,0
605,5.0,1.0,4.0,5.0,3.0,3.0,1.0,5.0,5.0,5.0,5.0,5.0,21.0,185.0,65.0,1.0,0,1,1,0,1,0,0,0,0,0,1,0,0,1,0,1
610,4.0,3.0,3.0,5.0,4.0,5.0,3.0,3.0,4.0,4.0,3.0,4.0,20.0,183.0,83.0,1.0,0,1,0,1,0,0,0,0,0,1,1,0,1,0,0,1
611,5.0,4.0,4.0,5.0,4.0,4.0,3.0,4.0,4.0,2.0,1.0,3.0,18.0,168.0,57.0,0.0,1,0,0,1,0,0,0,0,0,1,0,1,1,0,1,0
613,5.0,4.0,2.0,4.0,3.0,2.0,3.0,4.0,5.0,2.0,1.0,3.0,18.0,162.0,58.0,1.0,1,0,0,1,0,0,0,0,0,1,1,0,1,0,1,0
614,5.0,1.0,3.0,5.0,5.0,4.0,1.0,5.0,5.0,4.0,1.0,4.0,22.0,164.0,64.0,1.0,1,0,0,1,0,0,0,0,0,1,1,0,0,1,0,1
616,5.0,5.0,5.0,5.0,1.0,4.0,5.0,4.0,4.0,5.0,2.0,5.0,19.0,178.0,71.0,1.0,0,1,0,1,0,0,0,0,0,1,0,1,1,0,1,0
618,5.0,5.0,5.0,5.0,3.0,5.0,1.0,3.0,5.0,5.0,1.0,5.0,23.0,173.0,65.0,0.0,1,0,0,1,1,0,0,0,0,0,0,1,1,0,1,0
619,5.0,2.0,4.0,4.0,2.0,2.0,5.0,3.0,3.0,5.0,2.0,4.0,27.0,175.0,83.0,4.0,0,1,0,1,0,0,0,0,0,1,1,0,1,0,1,0
620,5.0,2.0,2.0,4.0,1.0,2.0,4.0,1.0,1.0,4.0,2.0,3.0,20.0,183.0,75.0,2.0,0,1,0,1,0,0,0,0,0,1,1,0,1,0,1,0
622,5.0,1.0,2.0,5.0,5.0,5.0,4.0,5.0,5.0,3.0,3.0,5.0,18.0,161.0,74.0,1.0,1,0,0,1,0,0,0,0,1,0,1,0,1,0,1,0
625,5.0,2.0,3.0,5.0,5.0,3.0,1.0,5.0,5.0,3.0,1.0,4.0,19.0,163.0,50.0,1.0,1,0,0,1,0,0,0,0,0,1,0,1,1,0,1,0
626,5.0,4.0,4.0,4.0,4.0,2.0,5.0,5.0,5.0,3.0,1.0,2.0,22.0,162.0,60.0,0.0,1,0,0,1,0,0,0,0,0,1,1,0,0,1,1,0
628,5.0,3.0,4.0,4.0,2.0,5.0,4.0,4.0,5.0,5.0,5.0,5.0,19.0,172.0,68.0,0.0,0,1,0,1,0,0,0,0,0,1,0,1,1,0,1,0
632,4.0,2.0,3.0,4.0,2.0,2.0,4.0,3.0,3.0,4.0,2.0,4.0,17.0,178.0,80.0,1.0,0,1,0,1,0,0,0,0,1,0,1,0,0,1,0,1
633,5.0,1.0,1.0,5.0,3.0,3.0,2.0,4.0,4.0,3.0,3.0,5.0,21.0,180.0,67.0,2.0,0,1,0,1,0,0,0,0,0,1,1,0,1,0,1,0
634,4.0,1.0,2.0,4.0,5.0,2.0,3.0,5.0,4.0,3.0,1.0,2.0,19.0,170.0,63.0,1.0,1,0,0,1,0,0,0,0,0,1,1,0,0,1,0,1
639,5.0,3.0,3.0,5.0,3.0,3.0,5.0,3.0,4.0,4.0,3.0,5.0,18.0,178.0,70.0,1.0,0,1,0,1,0,0,0,0,1,0,1,0,1,0,1,0
640,5.0,1.0,3.0,5.0,5.0,5.0,2.0,1.0,1.0,5.0,1.0,1.0,21.0,173.0,53.0,3.0,1,0,0,1,1,0,0,0,0,0,1,0,1,0,0,1
641,5.0,3.0,3.0,5.0,3.0,5.0,5.0,3.0,5.0,4.0,3.0,5.0,17.0,175.0,76.0,2.0,0,1,0,1,0,0,0,0,0,1,1,0,1,0,1,0
642,4.0,1.0,3.0,4.0,2.0,5.0,1.0,4.0,2.0,5.0,1.0,4.0,22.0,180.0,89.0,0.0,0,1,0,1,0,0,0,0,0,1,0,1,1,0,0,1
645,4.0,1.0,4.0,5.0,1.0,4.0,5.0,3.0,3.0,5.0,4.0,5.0,23.0,179.0,77.0,1.0,0,1,0,1,0,0,0,0,0,1,0,1,0,1,0,1
648,5.0,3.0,3.0,5.0,5.0,4.0,4.0,4.0,3.0,3.0,1.0,3.0,23.0,158.0,64.0,3.0,1,0,0,1,0,0,0,1,0,0,1,0,1,0,1,0
650,5.0,5.0,5.0,5.0,2.0,5.0,4.0,2.0,5.0,3.0,3.0,5.0,20.0,188.0,79.0,1.0,0,1,1,0,0,0,0,0,0,1,1,0,1,0,0,1
652,5.0,1.0,2.0,5.0,2.0,4.0,5.0,3.0,3.0,5.0,1.0,5.0,21.0,193.0,75.0,0.0,0,1,0,1,0,0,0,0,0,1,0,1,1,0,1,0
653,5.0,4.0,4.0,5.0,2.0,3.0,3.0,5.0,5.0,4.0,5.0,4.0,22.0,165.0,52.0,0.0,1,0,1,0,1,0,0,0,0,0,0,1,0,1,1,0
654,4.0,3.0,4.0,4.0,4.0,2.0,4.0,2.0,2.0,4.0,2.0,4.0,24.0,178.0,80.0,2.0,0,1,0,1,0,0,0,0,0,1,1,0,0,1,0,1
655,5.0,1.0,2.0,4.0,4.0,2.0,3.0,3.0,4.0,2.0,1.0,2.0,19.0,174.0,70.0,1.0,1,0,0,1,0,0,0,0,0,1,1,0,0,1,0,1
658,5.0,2.0,2.0,5.0,2.0,4.0,1.0,5.0,5.0,5.0,3.0,3.0,22.0,176.0,74.0,3.0,0,1,0,1,0,0,0,0,0,1,1,0,1,0,1,0
661,3.0,4.0,4.0,4.0,3.0,2.0,3.0,3.0,4.0,2.0,1.0,3.0,19.0,165.0,70.0,1.0,1,0,0,1,0,0,0,0,0,1,0,1,1,0,1,0
662,4.0,2.0,3.0,5.0,3.0,3.0,4.0,3.0,3.0,2.0,1.0,3.0,21.0,162.0,52.0,1.0,1,0,0,1,0,0,0,0,0,1,1,0,1,0,0,1
665,5.0,2.0,3.0,5.0,3.0,2.0,4.0,2.0,3.0,4.0,3.0,2.0,20.0,173.0,50.0,1.0,1,0,1,0,0,0,0,0,0,1,1,0,1,0,1,0
666,4.0,5.0,3.0,5.0,4.0,5.0,2.0,3.0,4.0,4.0,2.0,2.0,20.0,164.0,60.0,2.0,1,0,0,1,0,0,0,0,0,1,1,0,1,0,1,0
667,3.0,2.0,2.0,5.0,2.0,2.0,2.0,2.0,2.0,5.0,2.0,2.0,23.0,172.0,77.0,1.0,0,1,0,1,0,0,0,0,0,1,1,0,1,0,1,0
670,3.0,3.0,4.0,3.0,2.0,2.0,4.0,3.0,3.0,4.0,3.0,3.0,23.0,170.0,60.0,1.0,1,0,0,1,0,0,0,0,0,1,1,0,1,0,1,0
671,4.0,2.0,2.0,5.0,5.0,4.0,3.0,3.0,2.0,4.0,2.0,4.0,22.0,165.0,57.0,2.0,1,0,0,1,1,0,0,0,0,0,1,0,1,0,1,0
672,4.0,5.0,5.0,4.0,4.0,2.0,4.0,3.0,2.0,4.0,2.0,1.0,28.0,166.0,60.0,1.0,1,0,0,1,0,0,0,1,0,0,1,0,1,0,1,0
673,4.0,3.0,3.0,4.0,4.0,1.0,2.0,3.0,3.0,3.0,2.0,1.0,22.0,170.0,52.0,2.0,1,0,0,1,0,0,0,0,0,1,1,0,1,0,1,0
674,4.0,1.0,4.0,4.0,3.0,1.0,5.0,2.0,5.0,5.0,1.0,2.0,18.0,173.0,67.0,1.0,0,1,0,1,1,0,0,0,0,0,1,0,1,0,1,0
675,5.0,2.0,3.0,5.0,5.0,2.0,5.0,5.0,5.0,1.0,1.0,3.0,25.0,165.0,75.0,1.0,1,0,0,1,0,0,0,0,0,1,1,0,1,0,0,1
678,3.0,4.0,2.0,5.0,4.0,3.0,1.0,5.0,5.0,5.0,3.0,3.0,23.0,162.0,65.0,1.0,1,0,0,1,1,0,0,0,0,0,1,0,1,0,1,0
679,5.0,5.0,3.0,5.0,5.0,3.0,3.0,5.0,5.0,5.0,1.0,1.0,21.0,185.0,70.0,0.0,1,0,1,0,0,0,0,0,0,1,0,1,1,0,1,0
680,5.0,5.0,4.0,5.0,4.0,3.0,2.0,5.0,5.0,4.0,3.0,3.0,25.0,160.0,55.0,1.0,1,0,0,1,1,0,0,0,0,0,1,0,1,0,1,0
681,4.0,1.0,4.0,4.0,4.0,3.0,3.0,4.0,4.0,4.0,2.0,4.0,28.0,180.0,70.0,1.0,1,0,0,1,0,0,0,1,0,0,1,0,1,0,1,0
682,5.0,2.0,4.0,4.0,2.0,4.0,5.0,5.0,4.0,4.0,3.0,5.0,19.0,172.0,75.0,4.0,0,1,0,1,0,0,0,0,0,1,1,0,0,1,0,1
684,5.0,2.0,4.0,5.0,4.0,2.0,1.0,5.0,3.0,1.0,1.0,2.0,28.0,165.0,57.0,1.0,1,0,0,1,0,0,0,0,0,1,1,0,0,1,0,1
688,5.0,3.0,5.0,5.0,5.0,1.0,3.0,5.0,5.0,3.0,1.0,1.0,18.0,165.0,48.0,2.0,1,0,0,1,0,0,0,0,0,1,1,0,1,0,1,0
689,5.0,3.0,3.0,5.0,4.0,3.0,3.0,3.0,5.0,5.0,3.0,5.0,18.0,174.0,64.0,1.0,0,1,0,1,0,0,0,0,0,1,1,0,1,0,0,1
690,5.0,2.0,4.0,4.0,2.0,4.0,3.0,2.0,3.0,3.0,4.0,4.0,18.0,182.0,63.0,1.0,0,1,0,1,0,0,0,0,0,1,1,0,1,0,1,0
691,5.0,3.0,4.0,5.0,4.0,3.0,3.0,5.0,4.0,2.0,2.0,2.0,17.0,168.0,70.0,0.0,1,0,0,1,1,0,0,0,0,0,0,1,1,0,0,1
692,5.0,2.0,5.0,5.0,3.0,5.0,5.0,3.0,4.0,5.0,3.0,5.0,21.0,168.0,62.0,1.0,0,1,0,1,1,0,0,0,0,0,0,1,1,0,1,0
694,5.0,4.0,5.0,5.0,3.0,4.0,5.0,4.0,4.0,5.0,2.0,4.0,21.0,187.0,73.0,4.0,0,1,0,1,1,0,0,0,0,0,1,0,1,0,0,1
695,4.0,1.0,1.0,5.0,5.0,3.0,2.0,5.0,5.0,3.0,1.0,5.0,23.0,167.0,70.0,0.0,1,0,0,1,1,0,0,0,0,0,0,1,1,0,0,1
697,5.0,2.0,4.0,5.0,4.0,2.0,5.0,3.0,3.0,2.0,1.0,5.0,20.0,168.0,76.0,1.0,1,0,0,1,0,0,0,0,0,1,1,0,1,0,1,0
699,5.0,2.0,1.0,5.0,3.0,1.0,2.0,4.0,5.0,2.0,1.0,1.0,20.0,170.0,50.0,1.0,1,0,0,1,0,0,0,0,0,1,1,0,1,0,1,0
700,5.0,3.0,3.0,2.0,5.0,1.0,4.0,5.0,5.0,4.0,1.0,5.0,26.0,168.0,65.0,3.0,1,0,0,1,1,0,0,0,0,0,1,0,0,1,0,1
701,5.0,1.0,5.0,3.0,4.0,5.0,5.0,5.0,5.0,5.0,3.0,5.0,21.0,175.0,70.0,1.0,1,0,0,1,1,0,0,0,0,0,1,0,1,0,1,0
702,4.0,3.0,5.0,5.0,2.0,5.0,5.0,5.0,5.0,5.0,2.0,5.0,19.0,185.0,83.0,2.0,0,1,0,1,0,0,0,0,0,1,1,0,1,0,1,0
704,5.0,1.0,3.0,5.0,5.0,2.0,2.0,5.0,4.0,3.0,1.0,3.0,21.0,171.0,60.0,2.0,1,0,0,1,0,0,0,0,0,1,1,0,0,1,0,1
705,5.0,3.0,3.0,5.0,4.0,4.0,4.0,4.0,5.0,5.0,2.0,4.0,22.0,172.0,60.0,1.0,1,0,0,1,1,0,0,0,0,0,1,0,0,1,1,0
707,3.0,3.0,4.0,4.0,3.0,2.0,5.0,3.0,2.0,5.0,2.0,3.0,21.0,162.0,51.0,1.0,1,0,0,1,0,0,0,0,0,1,1,0,0,1,0,1
709,5.0,3.0,4.0,5.0,4.0,2.0,2.0,5.0,4.0,2.0,2.0,3.0,17.0,167.0,70.0,0.0,1,0,0,1,1,0,0,0,0,0,0,1,1,0,0,1
710,5.0,5.0,5.0,5.0,4.0,4.0,4.0,5.0,5.0,5.0,3.0,5.0,20.0,163.0,52.0,1.0,1,0,0,1,0,0,0,0,0,1,1,0,1,0,1,0
711,3.0,1.0,2.0,2.0,4.0,2.0,1.0,4.0,4.0,5.0,3.0,3.0,22.0,170.0,55.0,1.0,1,0,0,1,0,0,0,0,0,1,1,0,0,1,1,0
713,3.0,3.0,3.0,4.0,4.0,1.0,4.0,1.0,1.0,5.0,3.0,2.0,19.0,168.0,60.0,2.0,1,0,0,1,1,0,0,0,0,0,1,0,0,1,0,1
714,5.0,2.0,3.0,5.0,4.0,3.0,3.0,5.0,5.0,4.0,1.0,2.0,25.0,164.0,63.0,0.0,1,0,0,1,0,0,0,1,0,0,0,1,0,1,0,1
716,4.0,4.0,4.0,4.0,4.0,4.0,5.0,3.0,3.0,5.0,4.0,4.0,29.0,173.0,81.0,2.0,0,1,0,1,0,0,0,0,0,1,1,0,0,1,0,1
717,5.0,3.0,3.0,4.0,3.0,3.0,1.0,3.0,3.0,3.0,1.0,3.0,17.0,173.0,54.0,1.0,1,0,0,1,0,0,0,0,1,0,1,0,1,0,1,0
719,5.0,3.0,5.0,3.0,3.0,3.0,5.0,3.0,3.0,5.0,3.0,4.0,19.0,185.0,75.0,2.0,0,1,1,0,0,0,0,0,0,1,1,0,1,0,1,0
720,5.0,1.0,5.0,4.0,4.0,3.0,2.0,5.0,5.0,4.0,1.0,4.0,18.0,170.0,75.0,2.0,1,0,0,1,0,0,0,0,0,1,1,0,1,0,1,0
721,4.0,1.0,1.0,4.0,3.0,1.0,1.0,3.0,3.0,4.0,1.0,4.0,20.0,174.0,60.0,3.0,1,0,0,1,1,0,0,0,0,0,1,0,1,0,1,0
724,5.0,3.0,4.0,5.0,5.0,3.0,2.0,4.0,4.0,3.0,2.0,3.0,19.0,180.0,70.0,1.0,1,0,0,1,0,0,0,0,1,0,1,0,1,0,1,0
725,5.0,1.0,2.0,4.0,1.0,3.0,4.0,1.0,1.0,4.0,1.0,3.0,19.0,176.0,66.0,0.0,0,1,0,1,0,0,0,0,0,1,0,1,0,1,0,1
727,3.0,3.0,3.0,5.0,3.0,2.0,3.0,4.0,4.0,4.0,4.0,5.0,19.0,175.0,80.0,1.0,0,1,1,0,0,0,0,0,0,1,0,1,0,1,0,1
728,5.0,5.0,3.0,5.0,3.0,1.0,5.0,4.0,4.0,5.0,1.0,5.0,18.0,180.0,75.0,1.0,1,0,0,1,0,0,0,0,1,0,1,0,0,1,0,1
731,5.0,4.0,4.0,5.0,3.0,1.0,4.0,3.0,4.0,4.0,1.0,2.0,18.0,163.0,57.0,1.0,1,0,0,1,1,0,0,0,0,0,1,0,1,0,1,0
732,4.0,2.0,2.0,5.0,4.0,4.0,2.0,2.0,2.0,4.0,2.0,5.0,19.0,170.0,63.0,0.0,1,0,0,1,0,0,0,0,0,1,0,1,0,1,1,0
734,4.0,1.0,3.0,4.0,3.0,4.0,2.0,5.0,5.0,3.0,2.0,3.0,19.0,168.0,56.0,3.0,1,0,0,1,0,0,0,0,0,1,1,0,1,0,1,0
737,5.0,2.0,4.0,3.0,4.0,3.0,3.0,4.0,5.0,2.0,1.0,3.0,21.0,180.0,61.0,0.0,1,0,0,1,1,0,0,0,0,0,0,1,1,0,1,0
739,5.0,5.0,4.0,5.0,2.0,5.0,5.0,5.0,5.0,4.0,5.0,5.0,23.0,165.0,60.0,0.0,0,1,0,1,1,0,0,0,0,0,0,1,1,0,1,0
740,5.0,3.0,5.0,5.0,2.0,4.0,5.0,3.0,3.0,4.0,3.0,5.0,17.0,182.0,84.0,1.0,0,1,0,1,0,0,0,0,0,1,1,0,1,0,0,1
741,5.0,1.0,1.0,4.0,4.0,2.0,1.0,5.0,4.0,3.0,1.0,3.0,18.0,173.0,65.0,3.0,1,0,0,1,0,0,0,0,0,1,1,0,1,0,1,0
742,5.0,2.0,3.0,5.0,4.0,3.0,5.0,5.0,5.0,4.0,5.0,5.0,26.0,183.0,90.0,5.0,0,1,0,1,0,0,0,1,0,0,1,0,0,1,0,1
743,1.0,1.0,1.0,4.0,5.0,2.0,2.0,4.0,4.0,4.0,2.0,2.0,22.0,186.0,65.0,0.0,0,1,0,1,1,0,0,0,0,0,0,1,1,0,1,0
747,5.0,1.0,4.0,3.0,3.0,3.0,2.0,5.0,5.0,5.0,1.0,4.0,18.0,170.0,75.0,2.0,1,0,0,1,0,0,0,0,0,1,1,0,1,0,1,0
749,5.0,1.0,1.0,5.0,3.0,5.0,5.0,3.0,3.0,3.0,3.0,4.0,17.0,175.0,64.0,0.0,0,1,0,1,0,0,0,0,0,1,0,1,1,0,0,1
750,4.0,3.0,4.0,5.0,4.0,4.0,4.0,5.0,5.0,5.0,3.0,3.0,22.0,175.0,86.0,6.0,1,0,1,0,1,0,0,0,0,0,1,0,1,0,1,0
751,5.0,2.0,2.0,5.0,5.0,5.0,1.0,4.0,2.0,3.0,1.0,5.0,21.0,168.0,49.0,1.0,1,0,0,1,0,0,0,0,0,1,1,0,1,0,1,0
752,4.0,1.0,2.0,4.0,5.0,1.0,4.0,3.0,3.0,2.0,1.0,2.0,21.0,162.0,51.0,3.0,1,0,0,1,1,0,0,0,0,0,1,0,0,1,0,1
753,5.0,2.0,2.0,4.0,3.0,2.0,4.0,5.0,5.0,4.0,2.0,2.0,19.0,171.0,49.0,3.0,1,0,0,1,0,0,0,0,0,1,1,0,0,1,0,1
754,4.0,3.0,4.0,4.0,4.0,5.0,3.0,2.0,2.0,4.0,2.0,5.0,26.0,186.0,98.0,1.0,0,1,0,1,1,0,0,0,0,0,0,1,1,0,0,1
757,5.0,1.0,3.0,3.0,5.0,1.0,5.0,2.0,3.0,5.0,3.0,2.0,19.0,159.0,52.0,3.0,1,0,0,1,1,0,0,0,0,0,1,0,0,1,0,1
758,5.0,5.0,5.0,5.0,3.0,5.0,5.0,5.0,5.0,4.0,2.0,5.0,20.0,197.0,100.0,1.0,0,1,0,1,1,0,0,0,0,0,1,0,0,1,0,1
760,5.0,3.0,4.0,4.0,4.0,4.0,3.0,2.0,4.0,3.0,2.0,3.0,25.0,167.0,49.0,1.0,1,0,0,1,1,0,0,0,0,0,0,1,1,0,0,1
761,5.0,4.0,3.0,5.0,1.0,3.0,2.0,1.0,1.0,2.0,1.0,5.0,23.0,192.0,86.0,1.0,0,1,0,1,0,0,0,0,0,1,1,0,1,0,1,0
762,5.0,5.0,5.0,5.0,3.0,2.0,3.0,2.0,2.0,4.0,3.0,5.0,24.0,190.0,84.0,1.0,0,1,0,1,1,0,0,0,0,0,0,1,1,0,0,1
764,5.0,1.0,2.0,5.0,4.0,2.0,3.0,4.0,4.0,4.0,1.0,3.0,19.0,172.0,50.0,2.0,1,0,0,1,1,0,0,0,0,0,1,0,0,1,0,1
765,5.0,3.0,3.0,5.0,2.0,5.0,2.0,4.0,4.0,3.0,2.0,5.0,18.0,186.0,76.0,1.0,0,1,0,1,0,0,0,0,0,1,1,0,0,1,0,1
768,4.0,5.0,5.0,5.0,3.0,1.0,3.0,3.0,3.0,3.0,1.0,5.0,26.0,185.0,92.0,1.0,0,1,0,1,0,0,0,1,0,0,1,0,1,0,1,0
769,5.0,5.0,5.0,5.0,5.0,5.0,5.0,5.0,5.0,5.0,5.0,5.0,19.0,167.0,63.0,0.0,1,0,0,1,0,0,0,0,0,1,0,1,1,0,1,0
770,4.0,4.0,3.0,3.0,2.0,2.0,1.0,1.0,5.0,5.0,4.0,3.0,16.0,170.0,54.0,2.0,1,0,0,1,1,0,0,0,0,0,1,0,1,0,0,1
771,5.0,1.0,4.0,3.0,2.0,5.0,5.0,3.0,3.0,4.0,3.0,5.0,18.0,174.0,64.0,0.0,0,1,0,1,0,0,0,0,0,1,0,1,1,0,1,0
772,5.0,3.0,3.0,5.0,4.0,4.0,3.0,4.0,3.0,2.0,1.0,3.0,20.0,170.0,53.0,1.0,1,0,0,1,0,0,0,0,0,1,1,0,1,0,0,1
773,5.0,5.0,5.0,5.0,5.0,5.0,5.0,5.0,5.0,5.0,5.0,5.0,17.0,168.0,70.0,0.0,1,0,0,1,1,0,0,0,0,0,0,1,1,0,0,1
774,4.0,1.0,1.0,4.0,3.0,3.0,3.0,4.0,2.0,4.0,3.0,4.0,20.0,171.0,62.0,0.0,1,0,1,0,0,0,0,0,0,1,0,1,1,0,1,0
775,5.0,2.0,3.0,5.0,5.0,3.0,1.0,4.0,5.0,5.0,2.0,3.0,19.0,165.0,51.0,3.0,1,0,0,1,1,0,0,0,0,0,1,0,1,0,1,0
779,5.0,1.0,1.0,5.0,3.0,1.0,3.0,5.0,5.0,5.0,3.0,3.0,17.0,167.0,48.0,0.0,1,0,0,1,0,0,0,0,0,1,0,1,0,1,0,1
780,5.0,3.0,4.0,5.0,5.0,3.0,3.0,3.0,4.0,5.0,3.0,4.0,18.0,174.0,64.0,1.0,0,1,0,1,0,0,0,0,0,1,1,0,1,0,1,0
781,4.0,4.0,2.0,4.0,3.0,2.0,1.0,5.0,5.0,5.0,1.0,2.0,20.0,171.0,63.0,1.0,1,0,0,1,0,0,0,0,0,1,1,0,1,0,1,0
782,5.0,5.0,4.0,5.0,3.0,5.0,3.0,3.0,4.0,5.0,5.0,4.0,17.0,170.0,55.0,3.0,1,0,0,1,0,0,0,0,0,1,1,0,0,1,0,1
784,5.0,1.0,4.0,5.0,4.0,3.0,2.0,4.0,5.0,3.0,1.0,4.0,19.0,190.0,80.0,1.0,0,1,1,0,0,0,0,0,0,1,1,0,1,0,1,0
787,5.0,3.0,3.0,5.0,4.0,3.0,5.0,5.0,5.0,3.0,2.0,4.0,16.0,177.0,70.0,1.0,0,1,0,1,0,0,0,0,1,0,1,0,1,0,1,0
791,5.0,2.0,2.0,3.0,2.0,3.0,1.0,4.0,4.0,5.0,1.0,3.0,19.0,162.0,52.0,1.0,1,0,0,1,0,0,0,0,0,1,1,0,1,0,1,0
792,3.0,2.0,4.0,4.0,4.0,2.0,3.0,2.0,1.0,4.0,3.0,5.0,21.0,192.0,93.0,1.0,0,1,0,1,0,0,0,1,0,0,1,0,0,1,0,1
794,5.0,5.0,5.0,5.0,2.0,4.0,5.0,2.0,2.0,2.0,1.0,5.0,23.0,190.0,95.0,1.0,0,1,0,1,0,0,0,0,0,1,1,0,1,0,1,0
795,4.0,2.0,4.0,2.0,4.0,2.0,4.0,2.0,4.0,2.0,4.0,2.0,30.0,173.0,69.0,0.0,1,0,0,1,0,0,0,0,0,1,0,1,1,0,1,0
797,5.0,3.0,4.0,3.0,4.0,5.0,3.0,5.0,3.0,2.0,2.0,5.0,19.0,185.0,65.0,1.0,0,1,0,1,0,0,0,0,0,1,1,0,1,0,1,0
798,5.0,4.0,5.0,4.0,1.0,1.0,5.0,3.0,3.0,3.0,4.0,5.0,18.0,160.0,55.0,2.0,1,0,0,1,0,0,0,0,0,1,1,0,1,0,1,0
799,5.0,1.0,1.0,4.0,3.0,4.0,4.0,3.0,4.0,5.0,3.0,3.0,18.0,203.0,89.0,2.0,0,1,0,1,0,0,0,0,0,1,0,1,1,0,1,0
800,5.0,4.0,4.0,5.0,4.0,2.0,5.0,3.0,5.0,1.0,2.0,5.0,17.0,185.0,70.0,2.0,0,1,0,1,0,0,0,0,0,1,1,0,1,0,1,0
802,5.0,3.0,3.0,5.0,4.0,4.0,2.0,4.0,5.0,4.0,1.0,4.0,19.0,172.0,60.0,0.0,1,0,0,1,0,0,0,0,0,1,0,1,1,0,1,0
804,5.0,5.0,4.0,5.0,5.0,2.0,2.0,5.0,5.0,3.0,2.0,5.0,21.0,173.0,62.0,1.0,1,0,0,1,0,0,0,0,0,1,1,0,0,1,0,1
805,2.0,2.0,2.0,3.0,3.0,2.0,2.0,4.0,5.0,4.0,1.0,2.0,17.0,165.0,53.0,3.0,1,0,1,0,0,0,0,0,1,0,1,0,1,0,1,0
807,5.0,1.0,2.0,5.0,4.0,4.0,4.0,4.0,4.0,5.0,4.0,5.0,20.0,187.0,95.0,0.0,0,1,0,1,0,0,0,0,0,1,0,1,1,0,1,0
808,5.0,5.0,5.0,5.0,2.0,3.0,2.0,5.0,5.0,4.0,2.0,5.0,20.0,181.0,73.0,1.0,0,1,0,1,1,0,0,0,0,0,1,0,1,0,1,0
809,4.0,3.0,1.0,5.0,5.0,3.0,5.0,2.0,2.0,4.0,2.0,5.0,18.0,176.0,76.0,0.0,0,1,0,1,0,0,0,0,0,1,0,1,1,0,1,0
810,5.0,3.0,5.0,5.0,4.0,5.0,4.0,5.0,5.0,4.0,4.0,5.0,20.0,180.0,90.0,1.0,0,1,0,1,1,0,0,0,0,0,1,0,1,0,0,1
811,4.0,3.0,4.0,4.0,3.0,4.0,3.0,3.0,3.0,5.0,2.0,2.0,20.0,178.0,66.0,1.0,0,1,0,1,0,0,0,0,0,1,1,0,1,0,1,0
812,5.0,2.0,1.0,4.0,4.0,1.0,4.0,1.0,1.0,2.0,1.0,4.0,17.0,175.0,60.0,1.0,1,0,0,1,0,0,0,0,0,1,1,0,1,0,1,0
816,5.0,5.0,1.0,5.0,4.0,4.0,5.0,4.0,5.0,5.0,2.0,1.0,21.0,180.0,63.0,0.0,0,1,0,1,0,0,0,0,0,1,0,1,1,0,1,0
817,3.0,3.0,2.0,4.0,5.0,3.0,3.0,4.0,5.0,1.0,4.0,3.0,23.0,170.0,70.0,0.0,0,1,0,1,0,0,0,0,1,0,0,1,1,0,1,0
818,3.0,5.0,5.0,5.0,1.0,2.0,4.0,3.0,4.0,5.0,4.0,5.0,24.0,178.0,80.0,2.0,0,1,0,1,0,0,0,0,0,1,1,0,0,1,0,1
819,4.0,1.0,1.0,4.0,2.0,2.0,2.0,3.0,2.0,5.0,1.0,2.0,17.0,160.0,48.0,0.0,1,0,0,1,0,0,0,0,0,1,0,1,1,0,1,0
820,5.0,1.0,2.0,5.0,5.0,3.0,3.0,3.0,2.0,3.0,4.0,2.0,18.0,162.0,55.0,1.0,1,0,0,1,0,0,0,0,0,1,1,0,1,0,1,0
821,5.0,3.0,5.0,5.0,4.0,5.0,3.0,5.0,5.0,3.0,3.0,5.0,17.0,185.0,99.0,1.0,0,1,0,1,0,0,0,0,0,1,1,0,1,0,0,1
822,3.0,2.0,2.0,4.0,2.0,3.0,3.0,3.0,4.0,2.0,2.0,3.0,19.0,175.0,60.0,1.0,1,0,0,1,0,0,0,0,0,1,1,0,1,0,1,0
823,4.0,5.0,4.0,5.0,3.0,2.0,2.0,3.0,2.0,5.0,1.0,5.0,21.0,188.0,81.0,0.0,0,1,0,1,0,0,0,0,0,1,0,1,1,0,1,0
824,5.0,1.0,3.0,4.0,2.0,1.0,1.0,5.0,5.0,5.0,4.0,3.0,29.0,170.0,58.0,1.0,1,0,0,1,1,0,0,0,0,0,1,0,1,0,0,1
826,5.0,2.0,2.0,4.0,4.0,1.0,3.0,4.0,4.0,3.0,2.0,2.0,20.0,158.0,55.0,1.0,1,0,0,1,0,0,0,0,0,1,1,0,0,1,0,1
827,4.0,1.0,2.0,4.0,4.0,3.0,2.0,4.0,2.0,2.0,2.0,1.0,20.0,168.0,55.0,1.0,1,0,0,1,0,0,0,0,0,1,1,0,1,0,1,0
829,5.0,3.0,4.0,5.0,3.0,5.0,3.0,4.0,4.0,2.0,2.0,5.0,20.0,162.0,50.0,0.0,1,0,0,1,1,0,0,0,0,0,0,1,1,0,1,0
833,5.0,2.0,2.0,5.0,3.0,2.0,2.0,2.0,2.0,4.0,2.0,3.0,19.0,193.0,77.0,1.0,0,1,0,1,0,0,0,0,0,1,0,1,1,0,1,0
834,5.0,3.0,4.0,4.0,3.0,4.0,4.0,3.0,3.0,4.0,3.0,4.0,21.0,179.0,76.0,1.0,0,1,0,1,0,0,0,0,0,1,1,0,1,0,1,0
835,5.0,1.0,3.0,5.0,4.0,4.0,4.0,3.0,3.0,4.0,5.0,5.0,19.0,190.0,76.0,0.0,0,1,0,1,0,0,0,0,0,1,0,1,1,0,1,0
836,5.0,2.0,2.0,5.0,4.0,4.0,4.0,4.0,4.0,3.0,3.0,3.0,19.0,187.0,88.0,0.0,0,1,0,1,0,0,0,0,0,1,0,1,1,0,1,0
838,5.0,5.0,4.0,5.0,3.0,2.0,1.0,4.0,5.0,2.0,1.0,4.0,21.0,170.0,58.0,0.0,1,0,0,1,1,0,0,0,0,0,0,1,1,0,1,0
839,5.0,4.0,3.0,4.0,4.0,3.0,2.0,5.0,5.0,2.0,2.0,2.0,23.0,163.0,68.0,1.0,1,0,0,1,0,0,0,1,0,0,1,0,1,0,1,0
840,4.0,4.0,5.0,4.0,3.0,1.0,2.0,4.0,3.0,2.0,1.0,3.0,24.0,169.0,53.0,1.0,1,0,0,1,1,0,0,0,0,0,1,0,1,0,0,1
844,5.0,5.0,3.0,5.0,5.0,1.0,4.0,3.0,2.0,5.0,3.0,5.0,30.0,184.0,78.0,2.0,0,1,0,1,0,0,0,1,0,0,1,0,1,0,1,0
846,5.0,3.0,3.0,5.0,5.0,5.0,2.0,2.0,4.0,4.0,2.0,3.0,23.0,171.0,54.0,4.0,1,0,0,1,0,0,0,0,0,1,1,0,1,0,1,0
848,3.0,1.0,2.0,3.0,4.0,4.0,2.0,1.0,2.0,1.0,1.0,3.0,19.0,184.0,60.0,4.0,0,1,0,1,1,0,0,0,0,0,1,0,1,0,1,0
850,5.0,1.0,4.0,5.0,2.0,3.0,1.0,5.0,5.0,5.0,1.0,4.0,17.0,175.0,68.0,0.0,1,0,0,1,0,0,0,0,0,1,0,1,1,0,1,0
852,5.0,3.0,5.0,5.0,2.0,5.0,5.0,3.0,3.0,4.0,2.0,5.0,19.0,175.0,75.0,2.0,0,1,0,1,0,0,0,0,0,1,1,0,0,1,0,1
854,4.0,3.0,3.0,5.0,5.0,3.0,2.0,2.0,2.0,3.0,1.0,4.0,27.0,180.0,75.0,0.0,0,1,1,0,1,0,0,0,0,0,0,1,1,0,1,0
855,5.0,3.0,4.0,5.0,3.0,4.0,4.0,4.0,4.0,5.0,4.0,5.0,19.0,180.0,90.0,1.0,0,1,0,1,1,0,0,0,0,0,1,0,1,0,0,1
856,5.0,2.0,3.0,3.0,2.0,4.0,3.0,3.0,2.0,4.0,4.0,5.0,17.0,156.0,51.0,1.0,1,0,0,1,0,0,0,0,0,1,1,0,1,0,1,0
857,5.0,4.0,4.0,5.0,3.0,4.0,4.0,5.0,5.0,3.0,3.0,4.0,20.0,192.0,80.0,1.0,0,1,0,1,0,0,0,0,0,1,1,0,0,1,1,0
860,5.0,4.0,4.0,4.0,3.0,5.0,4.0,4.0,4.0,4.0,2.0,4.0,20.0,182.0,88.0,2.0,0,1,0,1,0,0,0,0,0,1,1,0,1,0,1,0
863,5.0,4.0,3.0,5.0,2.0,4.0,4.0,5.0,4.0,2.0,1.0,4.0,21.0,195.0,82.0,1.0,0,1,0,1,0,0,0,0,0,1,1,0,0,1,1,0
864,5.0,3.0,5.0,5.0,4.0,5.0,4.0,5.0,5.0,3.0,3.0,4.0,20.0,185.0,85.0,1.0,0,1,0,1,0,0,0,0,0,1,1,0,0,1,0,1
865,5.0,4.0,4.0,4.0,3.0,4.0,5.0,2.0,3.0,2.0,4.0,2.0,17.0,182.0,79.0,2.0,1,0,0,1,0,0,0,0,0,1,1,0,1,0,1,0
866,3.0,1.0,3.0,4.0,2.0,4.0,5.0,2.0,3.0,4.0,4.0,4.0,23.0,185.0,90.0,1.0,0,1,0,1,1,0,0,0,0,0,1,0,1,0,1,0
867,5.0,1.0,2.0,5.0,3.0,2.0,2.0,3.0,4.0,4.0,2.0,4.0,25.0,172.0,56.0,1.0,1,0,0,1,0,0,0,1,0,0,1,0,1,0,1,0
869,5.0,2.0,2.0,4.0,4.0,1.0,5.0,5.0,5.0,5.0,2.0,2.0,18.0,170.0,54.0,1.0,1,0,0,1,0,0,0,0,0,1,1,0,1,0,1,0
870,5.0,3.0,3.0,4.0,4.0,2.0,2.0,3.0,4.0,2.0,2.0,2.0,25.0,168.0,63.0,1.0,1,0,0,1,0,0,0,1,0,0,1,0,1,0,0,1
872,5.0,2.0,4.0,4.0,3.0,4.0,3.0,2.0,3.0,3.0,2.0,4.0,20.0,182.0,73.0,1.0,0,1,0,1,0,0,0,0,0,1,1,0,0,1,0,1
874,5.0,4.0,4.0,4.0,4.0,2.0,3.0,2.0,3.0,2.0,1.0,4.0,18.0,162.0,54.0,1.0,1,0,0,1,0,0,0,0,0,1,1,0,1,0,0,1
876,5.0,2.0,3.0,5.0,4.0,5.0,5.0,4.0,5.0,4.0,2.0,4.0,19.0,182.0,72.0,1.0,0,1,0,1,0,0,0,0,0,1,0,1,1,0,1,0
877,5.0,1.0,3.0,3.0,3.0,1.0,5.0,3.0,4.0,5.0,1.0,5.0,22.0,189.0,89.0,2.0,0,1,0,1,0,0,0,0,0,1,1,0,1,0,0,1
878,5.0,4.0,4.0,5.0,4.0,2.0,4.0,4.0,4.0,2.0,2.0,4.0,26.0,182.0,76.0,3.0,0,1,1,0,0,0,0,0,0,1,0,1,1,0,0,1
879,5.0,5.0,5.0,5.0,1.0,4.0,2.0,2.0,2.0,4.0,2.0,5.0,23.0,185.0,87.0,0.0,0,1,0,1,0,0,0,0,0,1,0,1,1,0,1,0
880,5.0,4.0,4.0,4.0,4.0,3.0,3.0,2.0,3.0,2.0,1.0,5.0,18.0,162.0,54.0,1.0,1,0,0,1,0,0,0,0,0,1,1,0,1,0,0,1
881,5.0,2.0,1.0,5.0,5.0,1.0,5.0,5.0,5.0,5.0,2.0,2.0,18.0,170.0,54.0,1.0,1,0,0,1,0,0,0,0,0,1,1,0,1,0,1,0
883,5.0,2.0,3.0,5.0,5.0,5.0,2.0,5.0,4.0,2.0,1.0,4.0,19.0,168.0,57.0,2.0,1,0,0,1,0,0,0,0,0,1,1,0,0,1,0,1
884,5.0,1.0,2.0,5.0,5.0,3.0,1.0,5.0,5.0,4.0,1.0,5.0,19.0,175.0,58.0,1.0,1,0,0,1,1,0,0,0,0,0,1,0,1,0,0,1
886,5.0,5.0,5.0,2.0,1.0,5.0,4.0,1.0,2.0,1.0,1.0,5.0,21.0,187.0,85.0,1.0,0,1,0,1,0,0,0,0,0,1,1,0,1,0,1,0
888,5.0,4.0,5.0,5.0,5.0,1.0,4.0,4.0,1.0,4.0,2.0,2.0,20.0,175.0,58.0,1.0,1,0,0,1,1,0,0,0,0,0,1,0,1,0,0,1
890,5.0,2.0,2.0,5.0,3.0,5.0,4.0,2.0,2.0,1.0,2.0,5.0,20.0,180.0,57.0,1.0,0,1,0,1,0,0,0,0,0,1,1,0,1,0,1,0
892,5.0,2.0,3.0,5.0,3.0,2.0,3.0,3.0,4.0,4.0,1.0,3.0,19.0,181.0,70.0,1.0,0,1,0,1,0,0,0,0,0,1,0,1,1,0,1,0
894,5.0,2.0,3.0,5.0,5.0,4.0,4.0,5.0,5.0,4.0,2.0,2.0,19.0,158.0,45.0,2.0,1,0,0,1,0,0,0,0,0,1,1,0,1,0,0,1
896,5.0,4.0,4.0,3.0,2.0,2.0,3.0,2.0,2.0,3.0,2.0,3.0,22.0,174.0,83.0,1.0,0,1,0,1,1,0,0,0,0,0,1,0,0,1,0,1
897,4.0,2.0,3.0,2.0,3.0,2.0,4.0,3.0,2.0,3.0,3.0,2.0,23.0,183.0,85.0,2.0,0,1,1,0,1,0,0,0,0,0,1,0,1,0,1,0
900,4.0,2.0,4.0,5.0,5.0,4.0,4.0,4.0,3.0,2.0,1.0,5.0,21.0,176.0,80.0,1.0,0,1,0,1,0,0,0,0,0,1,1,0,1,0,1,0
901,5.0,2.0,4.0,5.0,5.0,4.0,5.0,2.0,2.0,4.0,2.0,4.0,22.0,173.0,50.0,1.0,1,0,0,1,0,0,0,0,0,1,1,0,1,0,1,0
903,3.0,2.0,2.0,5.0,1.0,5.0,5.0,3.0,4.0,4.0,3.0,3.0,19.0,188.0,75.0,1.0,0,1,0,1,1,0,0,0,0,0,1,0,1,0,1,0
904,5.0,2.0,3.0,4.0,5.0,3.0,2.0,4.0,4.0,3.0,1.0,3.0,24.0,160.0,55.0,1.0,1,0,0,1,1,0,0,0,0,0,1,0,1,0,1,0
905,5.0,3.0,4.0,5.0,4.0,5.0,5.0,4.0,4.0,5.0,3.0,5.0,23.0,170.0,63.0,1.0,0,1,0,1,1,0,0,0,0,0,1,0,1,0,1,0
906,5.0,5.0,3.0,3.0,1.0,4.0,5.0,5.0,5.0,5.0,1.0,2.0,21.0,164.0,52.0,2.0,1,0,0,1,0,0,0,0,0,1,1,0,1,0,1,0
907,4.0,2.0,2.0,5.0,5.0,2.0,2.0,5.0,5.0,3.0,2.0,4.0,22.0,167.0,50.0,1.0,1,0,0,1,0,0,0,0,0,1,1,0,1,0,1,0
909,3.0,4.0,2.0,2.0,2.0,4.0,4.0,4.0,3.0,2.0,2.0,3.0,28.0,166.0,58.0,2.0,1,0,1,0,0,0,0,1,0,0,1,0,1,0,1,0
910,5.0,1.0,4.0,5.0,5.0,2.0,4.0,5.0,5.0,5.0,2.0,5.0,18.0,165.0,48.0,0.0,1,0,0,1,0,0,0,0,0,1,0,1,1,0,1,0
913,5.0,2.0,3.0,2.0,2.0,2.0,2.0,3.0,4.0,4.0,3.0,4.0,21.0,164.0,52.0,1.0,1,0,0,1,0,0,0,0,0,1,0,1,1,0,1,0
914,5.0,1.0,4.0,3.0,2.0,4.0,4.0,4.0,3.0,3.0,3.0,2.0,20.0,171.0,57.0,1.0,1,0,0,1,0,0,0,0,0,1,1,0,1,0,1,0
915,5.0,4.0,4.0,5.0,4.0,4.0,3.0,4.0,5.0,2.0,3.0,2.0,18.0,170.0,65.0,1.0,1,0,0,1,0,0,0,0,1,0,1,0,1,0,0,1
916,5.0,1.0,4.0,4.0,2.0,2.0,3.0,1.0,1.0,1.0,2.0,3.0,21.0,175.0,55.0,1.0,0,1,0,1,0,0,0,0,0,1,1,0,1,0,1,0
917,5.0,3.0,4.0,4.0,3.0,3.0,4.0,1.0,2.0,3.0,4.0,4.0,20.0,185.0,80.0,1.0,0,1,0,1,1,0,0,0,0,0,1,0,0,1,0,1
919,5.0,5.0,3.0,4.0,5.0,3.0,3.0,5.0,4.0,4.0,2.0,3.0,21.0,165.0,50.0,1.0,1,0,1,0,0,0,0,0,0,1,1,0,1,0,1,0
922,5.0,3.0,4.0,5.0,5.0,1.0,2.0,3.0,3.0,5.0,1.0,5.0,20.0,175.0,67.0,1.0,1,0,0,1,0,0,0,0,0,1,1,0,1,0,1,0
923,5.0,4.0,4.0,5.0,3.0,2.0,3.0,5.0,5.0,4.0,2.0,2.0,23.0,163.0,59.0,3.0,1,0,0,1,1,0,0,0,0,0,1,0,1,0,1,0
924,5.0,3.0,5.0,5.0,2.0,1.0,5.0,5.0,5.0,4.0,1.0,1.0,19.0,155.0,50.0,0.0,1,0,0,1,0,0,0,0,0,1,0,1,1,0,1,0
926,5.0,4.0,4.0,4.0,2.0,2.0,2.0,3.0,3.0,5.0,1.0,5.0,22.0,183.0,70.0,1.0,0,1,0,1,0,0,0,0,0,1,1,0,1,0,1,0
927,5.0,2.0,3.0,5.0,5.0,4.0,4.0,5.0,5.0,3.0,1.0,4.0,19.0,163.0,56.0,1.0,1,0,0,1,0,0,0,0,0,1,1,0,1,0,0,1
928,5.0,5.0,4.0,5.0,5.0,3.0,2.0,5.0,5.0,5.0,2.0,3.0,19.0,153.0,44.0,0.0,1,0,0,1,0,0,0,0,0,1,0,1,1,0,1,0
930,5.0,3.0,2.0,5.0,5.0,2.0,3.0,5.0,5.0,3.0,2.0,3.0,18.0,165.0,45.0,5.0,1,0,1,0,0,0,0,0,1,0,1,0,1,0,1,0
931,5.0,4.0,4.0,3.0,4.0,4.0,5.0,5.0,4.0,3.0,4.0,5.0,18.0,178.0,80.0,2.0,0,1,0,1,0,0,0,0,0,1,1,0,1,0,0,1
932,5.0,1.0,1.0,5.0,4.0,3.0,1.0,5.0,4.0,2.0,1.0,3.0,20.0,155.0,45.0,1.0,1,0,0,1,0,0,0,0,0,1,1,0,1,0,1,0
933,5.0,3.0,4.0,4.0,4.0,4.0,4.0,4.0,4.0,4.0,2.0,2.0,17.0,170.0,50.0,3.0,1,0,0,1,0,0,0,0,0,1,1,0,1,0,0,1
936,4.0,2.0,3.0,4.0,4.0,3.0,3.0,4.0,3.0,3.0,3.0,4.0,21.0,171.0,66.0,0.0,1,0,0,1,0,0,0,0,0,1,0,1,1,0,1,0
937,5.0,1.0,3.0,5.0,5.0,4.0,2.0,4.0,5.0,3.0,5.0,5.0,18.0,167.0,62.0,4.0,1,0,0,1,0,0,0,0,1,0,0,1,0,1,0,1
938,5.0,1.0,5.0,4.0,2.0,5.0,1.0,5.0,4.0,5.0,1.0,5.0,19.0,166.0,63.0,0.0,1,0,0,1,0,0,0,0,0,1,0,1,1,0,0,1
944,5.0,4.0,4.0,5.0,4.0,5.0,4.0,5.0,5.0,3.0,1.0,5.0,19.0,162.0,47.0,1.0,1,0,0,1,0,0,0,0,0,1,1,0,0,1,0,1
947,4.0,2.0,2.0,3.0,4.0,3.0,3.0,4.0,4.0,2.0,1.0,3.0,16.0,180.0,55.0,1.0,1,0,0,1,0,0,0,0,0,1,0,1,0,1,0,1
952,4.0,2.0,3.0,5.0,4.0,5.0,4.0,5.0,5.0,4.0,4.0,4.0,19.0,179.0,60.0,1.0,0,1,0,1,0,0,0,0,0,1,0,1,1,0,1,0
953,5.0,1.0,4.0,4.0,4.0,4.0,3.0,4.0,5.0,4.0,2.0,4.0,20.0,165.0,57.0,1.0,1,0,0,1,0,0,0,0,0,1,1,0,1,0,1,0
955,4.0,1.0,4.0,5.0,1.0,3.0,1.0,3.0,3.0,5.0,1.0,5.0,19.0,166.0,51.0,1.0,1,0,0,1,0,0,0,0,0,1,1,0,1,0,1,0
957,4.0,4.0,4.0,5.0,4.0,4.0,4.0,3.0,2.0,3.0,2.0,5.0,20.0,175.0,65.0,5.0,0,1,0,1,0,0,0,0,0,1,1,0,1,0,1,0
959,4.0,5.0,4.0,4.0,3.0,2.0,5.0,5.0,5.0,4.0,2.0,4.0,24.0,176.0,48.0,1.0,1,0,1,0,0,0,0,1,0,0,1,0,1,0,1,0
961,5.0,5.0,4.0,5.0,4.0,4.0,5.0,4.0,4.0,5.0,3.0,4.0,20.0,172.0,75.0,3.0,0,1,1,0,0,0,0,0,0,1,1,0,0,1,0,1
962,3.0,3.0,4.0,4.0,4.0,1.0,1.0,3.0,4.0,5.0,2.0,1.0,21.0,167.0,56.0,1.0,1,0,0,1,0,0,0,0,0,1,1,0,0,1,0,1
966,5.0,5.0,1.0,5.0,5.0,1.0,3.0,5.0,5.0,1.0,2.0,1.0,19.0,170.0,55.0,1.0,1,0,1,0,1,0,0,0,0,0,1,0,1,0,0,1
967,5.0,4.0,4.0,5.0,1.0,5.0,5.0,4.0,5.0,5.0,5.0,5.0,18.0,187.0,71.0,1.0,0,1,0,1,0,0,0,0,1,0,1,0,1,0,1,0
969,5.0,3.0,4.0,5.0,4.0,4.0,5.0,5.0,5.0,2.0,2.0,5.0,19.0,180.0,70.0,2.0,0,1,0,1,1,0,0,0,0,0,1,0,0,1,1,0
970,5.0,5.0,4.0,5.0,5.0,4.0,5.0,5.0,5.0,3.0,3.0,4.0,22.0,187.0,82.0,1.0,0,1,0,1,0,0,0,1,0,0,1,0,1,0,1,0
971,4.0,2.0,2.0,4.0,2.0,4.0,2.0,4.0,4.0,4.0,2.0,4.0,18.0,177.0,60.0,1.0,0,1,0,1,0,0,0,0,0,1,1,0,1,0,1,0
972,5.0,3.0,4.0,5.0,5.0,5.0,4.0,4.0,4.0,4.0,1.0,4.0,19.0,178.0,88.0,0.0,1,0,0,1,0,0,0,0,0,1,0,1,1,0,1,0
974,5.0,3.0,4.0,5.0,4.0,4.0,3.0,3.0,3.0,5.0,2.0,4.0,21.0,183.0,73.0,0.0,1,0,0,1,0,0,0,0,0,1,0,1,1,0,1,0
976,5.0,1.0,3.0,5.0,5.0,3.0,3.0,4.0,5.0,4.0,3.0,4.0,19.0,172.0,62.0,1.0,1,0,0,1,0,0,0,0,0,1,0,1,1,0,1,0
977,5.0,4.0,5.0,4.0,4.0,3.0,4.0,3.0,2.0,3.0,3.0,2.0,19.0,183.0,83.0,1.0,0,1,0,1,0,0,0,0,0,1,1,0,0,1,0,1
978,5.0,2.0,3.0,5.0,3.0,3.0,2.0,5.0,5.0,3.0,2.0,4.0,21.0,165.0,60.0,2.0,1,0,0,1,1,0,0,0,0,0,1,0,1,0,0,1
979,5.0,2.0,3.0,5.0,4.0,3.0,5.0,5.0,5.0,4.0,2.0,5.0,19.0,194.0,90.0,0.0,0,1,1,0,0,0,0,0,0,1,0,1,1,0,1,0
981,5.0,5.0,5.0,4.0,3.0,5.0,3.0,3.0,4.0,2.0,2.0,3.0,19.0,168.0,57.0,1.0,1,0,1,0,0,0,0,0,0,1,1,0,0,1,0,1
982,4.0,1.0,1.0,4.0,1.0,4.0,2.0,2.0,3.0,2.0,1.0,3.0,18.0,178.0,70.0,2.0,0,1,0,1,0,0,0,0,0,1,1,0,1,0,0,1
985,5.0,3.0,4.0,4.0,5.0,2.0,2.0,4.0,5.0,1.0,1.0,2.0,20.0,167.0,53.0,1.0,1,0,0,1,0,0,0,0,0,1,1,0,1,0,1,0
986,4.0,1.0,1.0,3.0,3.0,2.0,2.0,4.0,3.0,5.0,2.0,1.0,19.0,161.0,60.0,3.0,1,0,0,1,0,0,0,0,0,1,1,0,1,0,0,1
989,3.0,1.0,1.0,5.0,5.0,1.0,3.0,5.0,3.0,3.0,3.0,3.0,30.0,168.0,54.0,2.0,1,0,0,1,0,0,0,1,0,0,1,0,0,1,0,1
990,5.0,2.0,4.0,5.0,2.0,3.0,4.0,2.0,2.0,5.0,4.0,4.0,29.0,180.0,93.0,1.0,0,1,0,1,0,0,0,0,0,1,1,0,1,0,1,0
991,5.0,4.0,5.0,4.0,1.0,4.0,4.0,1.0,1.0,4.0,3.0,5.0,21.0,172.0,80.0,0.0,0,1,0,1,0,0,0,0,0,1,0,1,1,0,0,1
995,5.0,4.0,5.0,4.0,3.0,5.0,3.0,3.0,3.0,4.0,1.0,4.0,18.0,163.0,53.0,0.0,1,0,0,1,0,0,0,0,0,1,0,1,1,0,1,0
998,5.0,4.0,5.0,5.0,3.0,5.0,4.0,4.0,5.0,4.0,4.0,5.0,28.0,192.0,105.0,1.0,0,1,0,1,0,0,0,1,0,0,1,0,1,0,1,0
1000,5.0,5.0,5.0,5.0,5.0,2.0,5.0,5.0,5.0,3.0,2.0,2.0,16.0,153.0,62.0,1.0,1,0,0,1,0,0,0,0,1,0,1,0,1,0,1,0
1001,3.0,4.0,3.0,5.0,4.0,1.0,1.0,3.0,3.0,2.0,2.0,3.0,18.0,160.0,63.0,2.0,1,0,0,1,0,0,0,0,1,0,1,0,1,0,1,0
1003,5.0,4.0,4.0,5.0,4.0,4.0,3.0,3.0,3.0,4.0,2.0,4.0,20.0,172.0,63.0,1.0,1,0,0,1,0,0,0,0,0,1,1,0,1,0,0,1
1004,5.0,4.0,4.0,5.0,3.0,4.0,4.0,4.0,5.0,3.0,3.0,3.0,22.0,175.0,60.0,1.0,0,1,0,1,0,0,0,0,0,1,1,0,1,0,1,0
1005,5.0,2.0,3.0,4.0,5.0,4.0,2.0,5.0,5.0,2.0,1.0,4.0,20.0,164.0,57.0,1.0,1,0,0,1,0,0,0,0,0,1,1,0,1,0,0,1
1007,4.0,5.0,5.0,3.0,5.0,2.0,1.0,4.0,4.0,3.0,1.0,3.0,18.0,173.0,75.0,0.0,1,0,0,1,0,0,0,0,0,1,0,1,1,0,1,0
1008,5.0,3.0,4.0,5.0,3.0,1.0,2.0,5.0,5.0,3.0,1.0,4.0,25.0,173.0,58.0,1.0,1,0,0,1,1,0,0,0,0,0,1,0,1,0,1,0
1009,5.0,2.0,3.0,5.0,2.0,3.0,1.0,4.0,2.0,4.0,1.0,4.0,21.0,185.0,72.0,1.0,0,1,0,1,0,0,0,0,0,1,1,0,0,1,0,1
